omit,study,doi,location,study_type,source,sample_num,method,mesh_mm,vol_L,Cavg.L,contam_numpersample_avg,comment,conc_L_samemeshsize
0,Tamminga 2019,https://doi.org/10.1016/j.envpol.2019.112970,ocean,mesh_compare,S7,VP100,pump,0.063,3000,0.05134,,no comment,
0,Tamminga 2019,https://doi.org/10.1016/j.envpol.2019.112970,ocean,mesh_compare,S7,VP101,pump,0.063,3000,0.04291,,no comment,
0,Tamminga 2019,https://doi.org/10.1016/j.envpol.2019.112970,ocean,mesh_compare,S7,VP102,pump,0.063,3000,0.03901,,no comment,
0,Tamminga 2019,https://doi.org/10.1016/j.envpol.2019.112970,ocean,mesh_compare,S7,VP104,pump,0.063,3000,0.0481,,no comment,
0,Tamminga 2019,https://doi.org/10.1016/j.envpol.2019.112970,ocean,mesh_compare,S7,VP105,pump,0.063,3000,0.04421,,no comment,
0,Tamminga 2019,https://doi.org/10.1016/j.envpol.2019.112970,ocean,mesh_compare,S7,VP106,pump,0.063,3000,0.039,,no comment,
0,Tamminga 2019,https://doi.org/10.1016/j.envpol.2019.112970,ocean,mesh_compare,S7,VP107,pump,0.063,3000,0.0533,,no comment,
0,Tamminga 2019,https://doi.org/10.1016/j.envpol.2019.112970,ocean,mesh_compare,S7,VP100,pump,0.3,3000,0.13004,,no comment,
0,Tamminga 2019,https://doi.org/10.1016/j.envpol.2019.112970,ocean,mesh_compare,S7,VP101,pump,0.3,3000,0.07915,,no comment,
0,Tamminga 2019,https://doi.org/10.1016/j.envpol.2019.112970,ocean,mesh_compare,S7,VP102,pump,0.3,3000,0.08544,,no comment,
0,Tamminga 2019,https://doi.org/10.1016/j.envpol.2019.112970,ocean,mesh_compare,S7,VP104,pump,0.3,3000,0.10336,,no comment,
0,Tamminga 2019,https://doi.org/10.1016/j.envpol.2019.112970,ocean,mesh_compare,S7,VP105,pump,0.3,3000,0.08369,,no comment,
0,Tamminga 2019,https://doi.org/10.1016/j.envpol.2019.112970,ocean,mesh_compare,S7,VP106,pump,0.3,3000,0.09492,,no comment,
0,Tamminga 2019,https://doi.org/10.1016/j.envpol.2019.112970,ocean,mesh_compare,S7,VP107,pump,0.3,3000,0.13396,,no comment,
0,Tamminga 2019,https://doi.org/10.1016/j.envpol.2019.112970,ocean,mesh_compare,S7,VP200,pump,0.063,1000,0.04666,,no comment,
0,Tamminga 2019,https://doi.org/10.1016/j.envpol.2019.112970,ocean,mesh_compare,S7,VP201,pump,0.063,1000,0.03862,,no comment,
0,Tamminga 2019,https://doi.org/10.1016/j.envpol.2019.112970,ocean,mesh_compare,S7,VP202,pump,0.063,1000,0.02694,,no comment,
0,Tamminga 2019,https://doi.org/10.1016/j.envpol.2019.112970,ocean,mesh_compare,S7,VP203,pump,0.063,1000,0.0172,,no comment,
0,Tamminga 2019,https://doi.org/10.1016/j.envpol.2019.112970,ocean,mesh_compare,S7,VP204,pump,0.063,1000,0.03278,,no comment,
0,Tamminga 2019,https://doi.org/10.1016/j.envpol.2019.112970,ocean,mesh_compare,S7,VP205,pump,0.063,1000,0.0513,,no comment,
0,Tamminga 2019,https://doi.org/10.1016/j.envpol.2019.112970,ocean,mesh_compare,S7,VP206,pump,0.063,1000,0.03084,,no comment,
0,Tamminga 2019,https://doi.org/10.1016/j.envpol.2019.112970,ocean,mesh_compare,S7,VP207,pump,0.063,1000,0.03084,,no comment,
0,Tamminga 2019,https://doi.org/10.1016/j.envpol.2019.112970,ocean,mesh_compare,S7,VP208,pump,0.063,1000,0.03376,,no comment,
0,Tamminga 2019,https://doi.org/10.1016/j.envpol.2019.112970,ocean,mesh_compare,S7,VP209,pump,0.063,1000,0.03278,,no comment,
0,Tamminga 2019,https://doi.org/10.1016/j.envpol.2019.112970,ocean,mesh_compare,S7,VP210,pump,0.063,1000,0.03083,,no comment,
0,Tamminga 2019,https://doi.org/10.1016/j.envpol.2019.112970,ocean,mesh_compare,S7,VP211,pump,0.063,1000,0.01915,,no comment,
0,Tamminga 2019,https://doi.org/10.1016/j.envpol.2019.112970,ocean,mesh_compare,S7,VP212,pump,0.063,1000,0.04253,,no comment,
0,Tamminga 2019,https://doi.org/10.1016/j.envpol.2019.112970,ocean,mesh_compare,S7,VP213,pump,0.063,1000,0.03766,,no comment,
0,Tamminga 2019,https://doi.org/10.1016/j.envpol.2019.112970,ocean,mesh_compare,S7,VP214,pump,0.063,1000,0.01915,,no comment,
0,Tamminga 2019,https://doi.org/10.1016/j.envpol.2019.112970,ocean,mesh_compare,S7,VP215,pump,0.063,1000,0.02305,,no comment,
0,Tamminga 2019,https://doi.org/10.1016/j.envpol.2019.112970,ocean,mesh_compare,S7,VP216,pump,0.063,1000,0.03571,,no comment,
0,Tamminga 2019,https://doi.org/10.1016/j.envpol.2019.112970,ocean,mesh_compare,S7,VP200,pump,0.3,1000,0.02111,,no comment,
0,Tamminga 2019,https://doi.org/10.1016/j.envpol.2019.112970,ocean,mesh_compare,S7,VP201,pump,0.3,1000,0.02011,,no comment,
0,Tamminga 2019,https://doi.org/10.1016/j.envpol.2019.112970,ocean,mesh_compare,S7,VP202,pump,0.3,1000,0.01915,,no comment,
0,Tamminga 2019,https://doi.org/10.1016/j.envpol.2019.112970,ocean,mesh_compare,S7,VP203,pump,0.3,1000,0.00843,,no comment,
0,Tamminga 2019,https://doi.org/10.1016/j.envpol.2019.112970,ocean,mesh_compare,S7,VP204,pump,0.3,1000,0.01915,,no comment,
0,Tamminga 2019,https://doi.org/10.1016/j.envpol.2019.112970,ocean,mesh_compare,S7,VP205,pump,0.3,1000,0.02305,,no comment,
0,Tamminga 2019,https://doi.org/10.1016/j.envpol.2019.112970,ocean,mesh_compare,S7,VP206,pump,0.3,1000,0.02208,,no comment,
0,Tamminga 2019,https://doi.org/10.1016/j.envpol.2019.112970,ocean,mesh_compare,S7,VP207,pump,0.3,1000,0.02208,,no comment,
0,Tamminga 2019,https://doi.org/10.1016/j.envpol.2019.112970,ocean,mesh_compare,S7,VP208,pump,0.3,1000,0.01915,,no comment,
0,Tamminga 2019,https://doi.org/10.1016/j.envpol.2019.112970,ocean,mesh_compare,S7,VP209,pump,0.3,1000,0.01623,,no comment,
0,Tamminga 2019,https://doi.org/10.1016/j.envpol.2019.112970,ocean,mesh_compare,S7,VP210,pump,0.3,1000,0.01623,,no comment,
0,Tamminga 2019,https://doi.org/10.1016/j.envpol.2019.112970,ocean,mesh_compare,S7,VP211,pump,0.3,1000,0.01136,,no comment,
0,Tamminga 2019,https://doi.org/10.1016/j.envpol.2019.112970,ocean,mesh_compare,S7,VP212,pump,0.3,1000,0.01429,,no comment,
0,Tamminga 2019,https://doi.org/10.1016/j.envpol.2019.112970,ocean,mesh_compare,S7,VP213,pump,0.3,1000,0.00942,,no comment,
0,Tamminga 2019,https://doi.org/10.1016/j.envpol.2019.112970,ocean,mesh_compare,S7,VP214,pump,0.3,1000,0.01136,,no comment,
0,Tamminga 2019,https://doi.org/10.1016/j.envpol.2019.112970,ocean,mesh_compare,S7,VP215,pump,0.3,1000,0.01233,,no comment,
0,Tamminga 2019,https://doi.org/10.1016/j.envpol.2019.112970,ocean,mesh_compare,S7,VP216,pump,0.3,1000,0.02207,,no comment,
0,Lindeque 2020,https://doi.org/10.1016/j.envpol.2020.114721,ocean,mesh_compare,3.2.3,UK,net,0.1,98174.77042,0.01003,,biggest variance,
0,Lindeque 2020,https://doi.org/10.1016/j.envpol.2020.114721,ocean,mesh_compare,3.2.3,UK,net,0.333,98174.77042,0.00408,,no comment,
0,Lindeque 2020,https://doi.org/10.1016/j.envpol.2020.114721,ocean,mesh_compare,3.2.3,UK,net,0.5,98174.77042,0.00103,,smallest variance,
0,Lindeque 2020,https://doi.org/10.1016/j.envpol.2020.114721,ocean,mesh_compare,3.2.1,US_size,net,0.1,62500,0.00603,,no comment,
0,Lindeque 2020,https://doi.org/10.1016/j.envpol.2020.114721,ocean,mesh_compare,3.2.1,US_size,net,0.5,62500,0.0006,,no comment,
0,Lindeque 2020,https://doi.org/10.1016/j.envpol.2020.114721,ocean,mesh_compare,3.2.1,US_replicate,net,0.333,62500,0.00054,,sidebyside tows,
0,Lindeque 2020,https://doi.org/10.1016/j.envpol.2020.114721,ocean,mesh_compare,3.2.1,US_replicate,net,0.333,62500,0.00046,,sidebyside tows,
0,Garcia 2020,https://doi.org/10.1016/j.marpolbul.2019.110705,ocean,mesh_compare,supplementary material 1,P1,net,0.12,419993,0.00007,,subsurface,
0,Garcia 2020,https://doi.org/10.1016/j.marpolbul.2019.110705,ocean,mesh_compare,supplementary material 1,P2,net,0.12,276382,0.00011,,subsurface,
0,Garcia 2020,https://doi.org/10.1016/j.marpolbul.2019.110705,ocean,mesh_compare,supplementary material 1,P3,net,0.12,199393,0.00018,,subsurface,
0,Garcia 2020,https://doi.org/10.1016/j.marpolbul.2019.110705,ocean,mesh_compare,supplementary material 1,P4,net,0.12,190322,0.00008,,subsurface,
0,Garcia 2020,https://doi.org/10.1016/j.marpolbul.2019.110705,ocean,mesh_compare,supplementary material 1,P5,net,0.12,237152,0.00005,,subsurface,
0,Garcia 2020,https://doi.org/10.1016/j.marpolbul.2019.110705,ocean,mesh_compare,supplementary material 1,P6,net,0.12,500457,0.0004,,subsurface,
0,Garcia 2020,https://doi.org/10.1016/j.marpolbul.2019.110705,ocean,mesh_compare,supplementary material 1,P7,net,0.12,249345,0.00046,,subsurface,
0,Garcia 2020,https://doi.org/10.1016/j.marpolbul.2019.110705,ocean,mesh_compare,supplementary material 1,P8,net,0.12,146143,0.00026,,subsurface,
0,Garcia 2020,https://doi.org/10.1016/j.marpolbul.2019.110705,ocean,mesh_compare,supplementary material 1,P9,net,0.12,196978,0.00006,,subsurface,
0,Garcia 2020,https://doi.org/10.1016/j.marpolbul.2019.110705,ocean,mesh_compare,supplementary material 1,P10,net,0.12,310783,0.00017,,subsurface,
0,Garcia 2020,https://doi.org/10.1016/j.marpolbul.2019.110705,ocean,mesh_compare,supplementary material 1,P11,net,0.12,297352,0.00008,,subsurface,
0,Garcia 2020,https://doi.org/10.1016/j.marpolbul.2019.110705,ocean,mesh_compare,supplementary material 1,P12,net,0.12,283333,0.00006,,subsurface,
0,Garcia 2020,https://doi.org/10.1016/j.marpolbul.2019.110705,ocean,mesh_compare,supplementary material 1,P13,net,0.12,292758,0.00024,,subsurface,
0,Garcia 2020,https://doi.org/10.1016/j.marpolbul.2019.110705,ocean,mesh_compare,supplementary material 1,P14,net,0.12,331753,0.00008,,subsurface,
0,Garcia 2020,https://doi.org/10.1016/j.marpolbul.2019.110705,ocean,mesh_compare,supplementary material 1,P15,net,0.12,401909,0.00016,,subsurface,
0,Garcia 2020,https://doi.org/10.1016/j.marpolbul.2019.110705,ocean,mesh_compare,supplementary material 1,P16,net,0.12,454099,0.00007,,subsurface,
0,Garcia 2020,https://doi.org/10.1016/j.marpolbul.2019.110705,ocean,mesh_compare,supplementary material 1,P17,net,0.12,310312,0.00001,,subsurface,
0,Garcia 2020,https://doi.org/10.1016/j.marpolbul.2019.110705,ocean,mesh_compare,supplementary material 1,P18,net,0.12,191441,0.00031,,subsurface,
0,Garcia 2020,https://doi.org/10.1016/j.marpolbul.2019.110705,ocean,mesh_compare,supplementary material 1,P1,net,0.3,515772,0.000002,,subsurface,
0,Garcia 2020,https://doi.org/10.1016/j.marpolbul.2019.110705,ocean,mesh_compare,supplementary material 1,P2,net,0.3,557418,0.00002,,subsurface,
0,Garcia 2020,https://doi.org/10.1016/j.marpolbul.2019.110705,ocean,mesh_compare,supplementary material 1,P3,net,0.3,200748,0.00005,,subsurface,
0,Garcia 2020,https://doi.org/10.1016/j.marpolbul.2019.110705,ocean,mesh_compare,supplementary material 1,P4,net,0.3,304244,0.00002,,subsurface,
0,Garcia 2020,https://doi.org/10.1016/j.marpolbul.2019.110705,ocean,mesh_compare,supplementary material 1,P5,net,0.3,330339,0.00001,,subsurface,
0,Garcia 2020,https://doi.org/10.1016/j.marpolbul.2019.110705,ocean,mesh_compare,supplementary material 1,P6,net,0.3,405266,0.000005,,subsurface,
0,Garcia 2020,https://doi.org/10.1016/j.marpolbul.2019.110705,ocean,mesh_compare,supplementary material 1,P7,net,0.3,412276,0.000005,,subsurface,
0,Garcia 2020,https://doi.org/10.1016/j.marpolbul.2019.110705,ocean,mesh_compare,supplementary material 1,P8,net,0.3,302065,0.00006,,subsurface,
0,Garcia 2020,https://doi.org/10.1016/j.marpolbul.2019.110705,ocean,mesh_compare,supplementary material 1,P9,net,0.3,364210,0.000003,,subsurface,
0,Garcia 2020,https://doi.org/10.1016/j.marpolbul.2019.110705,ocean,mesh_compare,supplementary material 1,P10,net,0.3,593527,0.00001,,subsurface,
0,Garcia 2020,https://doi.org/10.1016/j.marpolbul.2019.110705,ocean,mesh_compare,supplementary material 1,P11,net,0.3,403853,0.00004,,subsurface,
0,Garcia 2020,https://doi.org/10.1016/j.marpolbul.2019.110705,ocean,mesh_compare,supplementary material 1,P12,net,0.3,372280,0.00001,,subsurface,
0,Garcia 2020,https://doi.org/10.1016/j.marpolbul.2019.110705,ocean,mesh_compare,supplementary material 1,P13,net,0.3,447973,0.000009,,subsurface,
0,Garcia 2020,https://doi.org/10.1016/j.marpolbul.2019.110705,ocean,mesh_compare,supplementary material 1,P14,net,0.3,440550,0.00004,,subsurface,
0,Garcia 2020,https://doi.org/10.1016/j.marpolbul.2019.110705,ocean,mesh_compare,supplementary material 1,P15,net,0.3,473243,0.00002,,subsurface,
0,Garcia 2020,https://doi.org/10.1016/j.marpolbul.2019.110705,ocean,mesh_compare,supplementary material 1,P16,net,0.3,445440,0.00001,,subsurface,
0,Garcia 2020,https://doi.org/10.1016/j.marpolbul.2019.110705,ocean,mesh_compare,supplementary material 1,P17,net,0.3,348835,0.00001,,subsurface,
0,Garcia 2020,https://doi.org/10.1016/j.marpolbul.2019.110705,ocean,mesh_compare,supplementary material 1,P18,net,0.3,625512,0.000005,,subsurface,
?,Cole 2015,https://doi.org/10.1038/srep04528,ocean,mesh_compare,si table 2,Penlee,net,0.2,0.00024,0.16,,subsurface,
?,Cole 2015,https://doi.org/10.1038/srep04528,ocean,mesh_compare,si table 2,Penlee,net,0.2,0.00026,0.16,,subsurface,
?,Cole 2015,https://doi.org/10.1038/srep04528,ocean,mesh_compare,si table 2,L4,net,0.2,0.00025,0.1164,,subsurface,
?,Cole 2015,https://doi.org/10.1038/srep04528,ocean,mesh_compare,si table 2,L4,net,0.2,0.00033,0.1164,,subsurface,
0,Zhang 2020,https://doi.org/10.1016/j.scitotenv.2019.135176,river,mesh_compare,fig 3,S3,net,0.075,20400,0.0005,,no comment,
0,Zhang 2020,https://doi.org/10.1016/j.scitotenv.2019.135176,river,mesh_compare,fig 3,S4,net,0.075,7800,0.00075,,no comment,
0,Zhang 2020,https://doi.org/10.1016/j.scitotenv.2019.135176,river,mesh_compare,fig 3,S5,net,0.075,54100,0.0001,,no comment,
0,Zhang 2020,https://doi.org/10.1016/j.scitotenv.2019.135176,river,mesh_compare,fig 3,S6,net,0.075,86700,0.00025,,no comment,
0,Zhang 2020,https://doi.org/10.1016/j.scitotenv.2019.135176,river,mesh_compare,fig 3,S7,net,0.075,116500,0.0005,,no comment,
0,Zhang 2020,https://doi.org/10.1016/j.scitotenv.2019.135176,river,mesh_compare,fig 3,S8,net,0.075,75100,0.00325,,no comment,
0,Zhang 2020,https://doi.org/10.1016/j.scitotenv.2019.135176,river,mesh_compare,fig 3,S9,net,0.075,111700,0.0055,,no comment,
0,Zhang 2020,https://doi.org/10.1016/j.scitotenv.2019.135176,river,mesh_compare,fig 3,S10,net,0.075,107500,0.0045,,no comment,
0,Zhang 2020,https://doi.org/10.1016/j.scitotenv.2019.135176,river,mesh_compare,fig 3,S11,net,0.075,120500,0.0015,,no comment,
0,Zhang 2020,https://doi.org/10.1016/j.scitotenv.2019.135176,river,mesh_compare,fig 3,S12,net,0.075,160300,0.00325,,no comment,
0,Zhang 2020,https://doi.org/10.1016/j.scitotenv.2019.135176,river,mesh_compare,fig 3,S3,net,0.3,20400,0.00025,,no comment,
0,Zhang 2020,https://doi.org/10.1016/j.scitotenv.2019.135176,river,mesh_compare,fig 3,S4,net,0.3,7900,0.00075,,no comment,
0,Zhang 2020,https://doi.org/10.1016/j.scitotenv.2019.135176,river,mesh_compare,fig 3,S5,net,0.3,54200,0.0001,,no comment,
0,Zhang 2020,https://doi.org/10.1016/j.scitotenv.2019.135176,river,mesh_compare,fig 3,S6,net,0.3,86700,0.00025,,no comment,
0,Zhang 2020,https://doi.org/10.1016/j.scitotenv.2019.135176,river,mesh_compare,fig 3,S7,net,0.3,116500,0.0005,,no comment,
0,Zhang 2020,https://doi.org/10.1016/j.scitotenv.2019.135176,river,mesh_compare,fig 3,S8,net,0.3,75000,0.001,,no comment,
0,Zhang 2020,https://doi.org/10.1016/j.scitotenv.2019.135176,river,mesh_compare,fig 3,S9,net,0.3,111700,0.0045,,no comment,
0,Zhang 2020,https://doi.org/10.1016/j.scitotenv.2019.135176,river,mesh_compare,fig 3,S10,net,0.3,107700,0.004,,no comment,
0,Zhang 2020,https://doi.org/10.1016/j.scitotenv.2019.135176,river,mesh_compare,fig 3,S11,net,0.3,120500,0.00225,,no comment,
0,Zhang 2020,https://doi.org/10.1016/j.scitotenv.2019.135176,river,mesh_compare,fig 3,S12,net,0.3,160500,0.0025,,no comment,
0,Schönlau 2020,https://doi.org/10.1016/j.marpolbul.2020.111019,ocean,mesh_compare,"S1, S2",2,pump,0.05,1046,0.00382,,no comment,0.00382
0,Schönlau 2020,https://doi.org/10.1016/j.marpolbul.2020.111019,ocean,mesh_compare,"S1, S2",3,pump,0.05,838,0.0119,,no comment,0.0119
0,Schönlau 2020,https://doi.org/10.1016/j.marpolbul.2020.111019,ocean,mesh_compare,"S1, S2",6,pump,0.05,950,0,,no comment,0
0,Schönlau 2020,https://doi.org/10.1016/j.marpolbul.2020.111019,ocean,mesh_compare,"S1, S2",7,pump,0.05,2069,0.00145,,no comment,0.00145
0,Schönlau 2020,https://doi.org/10.1016/j.marpolbul.2020.111019,ocean,mesh_compare,"S1, S2",9,pump,0.05,3794,0.00132,,no comment,0.00132
0,Schönlau 2020,https://doi.org/10.1016/j.marpolbul.2020.111019,ocean,mesh_compare,"S1, S2",10,pump,0.05,1250,0.0088,,no comment,0.0088
0,Schönlau 2020,https://doi.org/10.1016/j.marpolbul.2020.111019,ocean,mesh_compare,"S1, S2",12,pump,0.05,1650,0.0703,,no comment,0.0703
0,Schönlau 2020,https://doi.org/10.1016/j.marpolbul.2020.111019,ocean,mesh_compare,"S1, S2",2,pump,0.3,1046,0.0105,,no comment,0.0105
0,Schönlau 2020,https://doi.org/10.1016/j.marpolbul.2020.111019,ocean,mesh_compare,"S1, S2",3,pump,0.3,1365,0.00147,,no comment,0.00147
0,Schönlau 2020,https://doi.org/10.1016/j.marpolbul.2020.111019,ocean,mesh_compare,"S1, S2",6,pump,0.3,9307,0,,no comment,0
0,Schönlau 2020,https://doi.org/10.1016/j.marpolbul.2020.111019,ocean,mesh_compare,"S1, S2",7,pump,0.3,10214,0.0001,,no comment,0.0001
0,Schönlau 2020,https://doi.org/10.1016/j.marpolbul.2020.111019,ocean,mesh_compare,"S1, S2",9,pump,0.3,20022,0.00005,,no comment,0.00005
0,Schönlau 2020,https://doi.org/10.1016/j.marpolbul.2020.111019,ocean,mesh_compare,"S1, S2",10,pump,0.3,20000,0.0001,,no comment,0.0001
0,Schönlau 2020,https://doi.org/10.1016/j.marpolbul.2020.111019,ocean,mesh_compare,"S1, S2",12,pump,0.3,20000,0.00005,,no comment,0.00005
0,Kapp 2018,https://doi.org/10.1016/j.envpol.2018.06.033,river,grab-net,supplementary material,-1,grab,0.1,1.91,0,0.5,no comment,
0,Kapp 2018,https://doi.org/10.1016/j.envpol.2018.06.033,river,grab-net,supplementary material,0,grab,0.1,1.92,0,0.5,no comment,
0,Kapp 2018,https://doi.org/10.1016/j.envpol.2018.06.033,river,grab-net,supplementary material,1,grab,0.1,1.79,1.116,0.5,no comment,
0,Kapp 2018,https://doi.org/10.1016/j.envpol.2018.06.033,river,grab-net,supplementary material,2,grab,0.1,1.89,0,0.5,no comment,
0,Kapp 2018,https://doi.org/10.1016/j.envpol.2018.06.033,river,grab-net,supplementary material,3,grab,0.1,1.81,0.552,0.5,no comment,
0,Kapp 2018,https://doi.org/10.1016/j.envpol.2018.06.033,river,grab-net,supplementary material,4,grab,0.1,1.79,0.559,0.5,.2 flowrate = detection limit,
0,Kapp 2018,https://doi.org/10.1016/j.envpol.2018.06.033,river,grab-net,supplementary material,5,grab,0.1,1.93,0.518,0.5,no comment,
0,Kapp 2018,https://doi.org/10.1016/j.envpol.2018.06.033,river,grab-net,supplementary material,6,grab,0.1,1.93,0.517,0.5,.2 flowrate = detection limit,
0,Kapp 2018,https://doi.org/10.1016/j.envpol.2018.06.033,river,grab-net,supplementary material,7,grab,0.1,1.85,5.405,0.5,.2 flowrate = detection limit,
0,Kapp 2018,https://doi.org/10.1016/j.envpol.2018.06.033,river,grab-net,supplementary material,7b,grab,0.1,1.78,0.563,0.5,.2 flowrate = detection limit,
0,Kapp 2018,https://doi.org/10.1016/j.envpol.2018.06.033,river,grab-net,supplementary material,8,grab,0.1,1.85,0,0.5,no comment,
0,Kapp 2018,https://doi.org/10.1016/j.envpol.2018.06.033,river,grab-net,supplementary material,9,grab,0.1,1.91,1.046,0.5,no comment,
0,Kapp 2018,https://doi.org/10.1016/j.envpol.2018.06.033,river,grab-net,supplementary material,10,grab,0.1,1.58,0.632,0.5,no comment,
0,Kapp 2018,https://doi.org/10.1016/j.envpol.2018.06.033,river,grab-net,supplementary material,11,grab,0.1,1.93,0.518,0.5,.2 flowrate = detection limit,
0,Kapp 2018,https://doi.org/10.1016/j.envpol.2018.06.033,river,grab-net,supplementary material,12,grab,0.1,2.03,0.493,0.5,no comment,
0,Kapp 2018,https://doi.org/10.1016/j.envpol.2018.06.033,river,grab-net,supplementary material,13,grab,0.1,1.86,0.536,0.5,no comment,
0,Kapp 2018,https://doi.org/10.1016/j.envpol.2018.06.033,river,grab-net,supplementary material,14,grab,0.1,1.9,0.526,0.5,.2 flowrate = detection limit,
0,Kapp 2018,https://doi.org/10.1016/j.envpol.2018.06.033,river,grab-net,supplementary material,15,grab,0.1,1.89,0,0.5,no comment,
0,Kapp 2018,https://doi.org/10.1016/j.envpol.2018.06.033,river,grab-net,supplementary material,16,grab,0.1,1.87,0,0.5,no comment,
0,Kapp 2018,https://doi.org/10.1016/j.envpol.2018.06.033,river,grab-net,supplementary material,17,grab,0.1,1.86,1.075,0.5,.2 flowrate = detection limit,
0,Kapp 2018,https://doi.org/10.1016/j.envpol.2018.06.033,river,grab-net,supplementary material,18,grab,0.1,1.86,0.538,0.5,.2 flowrate = detection limit,
0,Kapp 2018,https://doi.org/10.1016/j.envpol.2018.06.033,river,grab-net,supplementary material,19,grab,0.1,1.85,1.709,0.5,.2 flowrate = detection limit,
0,Kapp 2018,https://doi.org/10.1016/j.envpol.2018.06.033,river,grab-net,supplementary material,20,grab,0.1,1.86,0,0.5,.2 flowrate = detection limit,
0,Kapp 2018,https://doi.org/10.1016/j.envpol.2018.06.033,river,grab-net,supplementary material,21,grab,0.1,1.87,2.137,0.5,.2 flowrate = detection limit,
0,Kapp 2018,https://doi.org/10.1016/j.envpol.2018.06.033,river,grab-net,supplementary material,22,grab,0.1,1.88,3.198,0.5,.2 flowrate = detection limit,
0,Kapp 2018,https://doi.org/10.1016/j.envpol.2018.06.033,river,grab-net,supplementary material,23,grab,0.1,1.75,1.714,0.5,.2 flowrate = detection limit,
0,Kapp 2018,https://doi.org/10.1016/j.envpol.2018.06.033,river,grab-net,supplementary material,24,grab,0.1,1.8,1.108,0.5,.2 flowrate = detection limit,
0,Kapp 2018,https://doi.org/10.1016/j.envpol.2018.06.033,river,grab-net,supplementary material,25,grab,0.1,1.84,1.09,0.5,.2 flowrate = detection limit,
0,Kapp 2018,https://doi.org/10.1016/j.envpol.2018.06.033,river,grab-net,supplementary material,26,grab,0.1,1.79,1.117,0.5,.2 flowrate = detection limit,
0,Kapp 2018,https://doi.org/10.1016/j.envpol.2018.06.033,river,grab-net,supplementary material,-1,net,0.1,2884,0,0.5,no comment,
0,Kapp 2018,https://doi.org/10.1016/j.envpol.2018.06.033,river,grab-net,supplementary material,0,net,0.1,3055,0,0.5,no comment,
0,Kapp 2018,https://doi.org/10.1016/j.envpol.2018.06.033,river,grab-net,supplementary material,1,net,0.1,4058,0.000246,0.5,no comment,
0,Kapp 2018,https://doi.org/10.1016/j.envpol.2018.06.033,river,grab-net,supplementary material,2,net,0.1,3512,0.002278,0.5,no comment,
0,Kapp 2018,https://doi.org/10.1016/j.envpol.2018.06.033,river,grab-net,supplementary material,3,net,0.1,9183,0.00098,0.5,no comment,
0,Kapp 2018,https://doi.org/10.1016/j.envpol.2018.06.033,river,grab-net,supplementary material,4,net,0.1,2405,0.000832,0.5,.2 flowrate = detection limit,
0,Kapp 2018,https://doi.org/10.1016/j.envpol.2018.06.033,river,grab-net,supplementary material,5,net,0.1,8986,0.000556,0.5,no comment,
0,Kapp 2018,https://doi.org/10.1016/j.envpol.2018.06.033,river,grab-net,supplementary material,6,net,0.1,7620,0.000525,0.5,.2 flowrate = detection limit,
0,Kapp 2018,https://doi.org/10.1016/j.envpol.2018.06.033,river,grab-net,supplementary material,7,net,0.1,1852,0.00054,0.5,.2 flowrate = detection limit,
0,Kapp 2018,https://doi.org/10.1016/j.envpol.2018.06.033,river,grab-net,supplementary material,7b,net,0.1,1715,0.0035,0.5,.2 flowrate = detection limit,
0,Kapp 2018,https://doi.org/10.1016/j.envpol.2018.06.033,river,grab-net,supplementary material,8,net,0.1,2081,0.001442,0.5,no comment,
0,Kapp 2018,https://doi.org/10.1016/j.envpol.2018.06.033,river,grab-net,supplementary material,9,net,0.1,2088,0.00479,0.5,no comment,
0,Kapp 2018,https://doi.org/10.1016/j.envpol.2018.06.033,river,grab-net,supplementary material,10,net,0.1,3274,0.000611,0.5,no comment,
0,Kapp 2018,https://doi.org/10.1016/j.envpol.2018.06.033,river,grab-net,supplementary material,11,net,0.1,3091,0.001294,0.5,.2 flowrate = detection limit,
0,Kapp 2018,https://doi.org/10.1016/j.envpol.2018.06.033,river,grab-net,supplementary material,12,net,0.1,1580,0.009492,0.5,no comment,
0,Kapp 2018,https://doi.org/10.1016/j.envpol.2018.06.033,river,grab-net,supplementary material,13,net,0.1,4330,0.001386,0.5,no comment,
0,Kapp 2018,https://doi.org/10.1016/j.envpol.2018.06.033,river,grab-net,supplementary material,14,net,0.1,2117,0.013701,0.5,.2 flowrate = detection limit,
0,Kapp 2018,https://doi.org/10.1016/j.envpol.2018.06.033,river,grab-net,supplementary material,15,net,0.1,3933,0.001271,0.5,no comment,
0,Kapp 2018,https://doi.org/10.1016/j.envpol.2018.06.033,river,grab-net,supplementary material,16,net,0.1,2814,0.002132,0.5,no comment,
0,Kapp 2018,https://doi.org/10.1016/j.envpol.2018.06.033,river,grab-net,supplementary material,17,net,0.1,1239,0.004844,0.5,.2 flowrate = detection limit,
0,Kapp 2018,https://doi.org/10.1016/j.envpol.2018.06.033,river,grab-net,supplementary material,18,net,0.1,2069,0.001934,0.5,.2 flowrate = detection limit,
0,Kapp 2018,https://doi.org/10.1016/j.envpol.2018.06.033,river,grab-net,supplementary material,19,net,0.1,2078,0.001444,0.5,.2 flowrate = detection limit,
0,Kapp 2018,https://doi.org/10.1016/j.envpol.2018.06.033,river,grab-net,supplementary material,20,net,0.1,1828,0.001094,0.5,.2 flowrate = detection limit,
0,Kapp 2018,https://doi.org/10.1016/j.envpol.2018.06.033,river,grab-net,supplementary material,21,net,0.1,3488,0.001434,0.5,.2 flowrate = detection limit,
0,Kapp 2018,https://doi.org/10.1016/j.envpol.2018.06.033,river,grab-net,supplementary material,22,net,0.1,3161,0.002531,0.5,.2 flowrate = detection limit,
0,Kapp 2018,https://doi.org/10.1016/j.envpol.2018.06.033,river,grab-net,supplementary material,23,net,0.1,2340,0.0047,0.5,.2 flowrate = detection limit,
0,Kapp 2018,https://doi.org/10.1016/j.envpol.2018.06.033,river,grab-net,supplementary material,24,net,0.1,2735,0.002925,0.5,.2 flowrate = detection limit,
0,Kapp 2018,https://doi.org/10.1016/j.envpol.2018.06.033,river,grab-net,supplementary material,25,net,0.1,2934,0.00443,0.5,.2 flowrate = detection limit,
0,Kapp 2018,https://doi.org/10.1016/j.envpol.2018.06.033,river,grab-net,supplementary material,26,net,0.1,2463,0.003654,0.5,.2 flowrate = detection limit,
0,McEacherna 2019,https://doi.org/10.1016/j.marpolbul.2019.07.068,ocean,grab-net,table 3 & 4,42_1003,grab,0.0012,1,1,0,"grab vol assumed, net vol calculated from tow distance & time. Grab samples = 76% fiber; net samples = 88% fiber, but no sample-specific info. No size info. My recorded low rate = their tow speed.",
0,McEacherna 2019,https://doi.org/10.1016/j.marpolbul.2019.07.068,ocean,grab-net,table 3 & 4,50_1003,grab,0.0012,1,0,0,"grab vol assumed, net vol calculated from tow distance & time. Grab samples = 76% fiber; net samples = 88% fiber, but no sample-specific info. No size info. My recorded low rate = their tow speed.",
0,McEacherna 2019,https://doi.org/10.1016/j.marpolbul.2019.07.068,ocean,grab-net,table 3 & 4,42_1101,grab,0.0012,1,4,0,"grab vol assumed, net vol calculated from tow distance & time. Grab samples = 76% fiber; net samples = 88% fiber, but no sample-specific info. No size info. My recorded low rate = their tow speed.",
0,McEacherna 2019,https://doi.org/10.1016/j.marpolbul.2019.07.068,ocean,grab-net,table 3 & 4,50_1101,grab,0.0012,1,1,0,"grab vol assumed, net vol calculated from tow distance & time. Grab samples = 76% fiber; net samples = 88% fiber, but no sample-specific info. No size info. My recorded low rate = their tow speed.",
0,McEacherna 2019,https://doi.org/10.1016/j.marpolbul.2019.07.068,ocean,grab-net,table 3 & 4,42_0410,grab,0.0012,1,0,0,"grab vol assumed, net vol calculated from tow distance & time. Grab samples = 76% fiber; net samples = 88% fiber, but no sample-specific info. No size info. My recorded low rate = their tow speed.",
0,McEacherna 2019,https://doi.org/10.1016/j.marpolbul.2019.07.068,ocean,grab-net,table 3 & 4,50_0410,grab,0.0012,1,0,0,"grab vol assumed, net vol calculated from tow distance & time. Grab samples = 76% fiber; net samples = 88% fiber, but no sample-specific info. No size info. My recorded low rate = their tow speed.",
0,McEacherna 2019,https://doi.org/10.1016/j.marpolbul.2019.07.068,ocean,grab-net,table 3 & 4,42_0605,grab,0.0012,1,0,0,"grab vol assumed, net vol calculated from tow distance & time. Grab samples = 76% fiber; net samples = 88% fiber, but no sample-specific info. No size info. My recorded low rate = their tow speed.",
0,McEacherna 2019,https://doi.org/10.1016/j.marpolbul.2019.07.068,ocean,grab-net,table 3 & 4,50_0605,grab,0.0012,1,0,0,"grab vol assumed, net vol calculated from tow distance & time. Grab samples = 76% fiber; net samples = 88% fiber, but no sample-specific info. No size info. My recorded low rate = their tow speed.",
0,McEacherna 2019,https://doi.org/10.1016/j.marpolbul.2019.07.068,ocean,grab-net,table 3 & 4,42_0705,grab,0.0012,1,5,0,"grab vol assumed, net vol calculated from tow distance & time. Grab samples = 76% fiber; net samples = 88% fiber, but no sample-specific info. No size info. My recorded low rate = their tow speed.",
0,McEacherna 2019,https://doi.org/10.1016/j.marpolbul.2019.07.068,ocean,grab-net,table 3 & 4,50_0705,grab,0.0012,1,0,0,"grab vol assumed, net vol calculated from tow distance & time. Grab samples = 76% fiber; net samples = 88% fiber, but no sample-specific info. No size info. My recorded low rate = their tow speed.",
0,McEacherna 2019,https://doi.org/10.1016/j.marpolbul.2019.07.068,ocean,grab-net,table 3 & 4,08_1011,grab,0.0012,1,0,0,"grab vol assumed, net vol calculated from tow distance & time. Grab samples = 76% fiber; net samples = 88% fiber, but no sample-specific info. No size info. My recorded low rate = their tow speed.",
0,McEacherna 2019,https://doi.org/10.1016/j.marpolbul.2019.07.068,ocean,grab-net,table 3 & 4,08_1107,grab,0.0012,1,0,0,"grab vol assumed, net vol calculated from tow distance & time. Grab samples = 76% fiber; net samples = 88% fiber, but no sample-specific info. No size info. My recorded low rate = their tow speed.",
0,McEacherna 2019,https://doi.org/10.1016/j.marpolbul.2019.07.068,ocean,grab-net,table 3 & 4,08_0411,grab,0.0012,1,1,0,"grab vol assumed, net vol calculated from tow distance & time. Grab samples = 76% fiber; net samples = 88% fiber, but no sample-specific info. No size info. My recorded low rate = their tow speed.",
0,McEacherna 2019,https://doi.org/10.1016/j.marpolbul.2019.07.068,ocean,grab-net,table 3 & 4,08_0508,grab,0.0012,1,1,0,"grab vol assumed, net vol calculated from tow distance & time. Grab samples = 76% fiber; net samples = 88% fiber, but no sample-specific info. No size info. My recorded low rate = their tow speed.",
0,McEacherna 2019,https://doi.org/10.1016/j.marpolbul.2019.07.068,ocean,grab-net,table 3 & 4,08_0613,grab,0.0012,1,0,0,"grab vol assumed, net vol calculated from tow distance & time. Grab samples = 76% fiber; net samples = 88% fiber, but no sample-specific info. No size info. My recorded low rate = their tow speed.",
0,McEacherna 2019,https://doi.org/10.1016/j.marpolbul.2019.07.068,ocean,grab-net,table 3 & 4,08_0710,grab,0.0012,1,2,0,"grab vol assumed, net vol calculated from tow distance & time. Grab samples = 76% fiber; net samples = 88% fiber, but no sample-specific info. No size info. My recorded low rate = their tow speed.",
0,McEacherna 2019,https://doi.org/10.1016/j.marpolbul.2019.07.068,ocean,grab-net,table 3 & 4,28_0417,grab,0.0012,1,0,0,"grab vol assumed, net vol calculated from tow distance & time. Grab samples = 76% fiber; net samples = 88% fiber, but no sample-specific info. No size info. My recorded low rate = their tow speed.",
0,McEacherna 2019,https://doi.org/10.1016/j.marpolbul.2019.07.068,ocean,grab-net,table 3 & 4,28_0516,grab,0.0012,1,0,0,"grab vol assumed, net vol calculated from tow distance & time. Grab samples = 76% fiber; net samples = 88% fiber, but no sample-specific info. No size info. My recorded low rate = their tow speed.",
0,McEacherna 2019,https://doi.org/10.1016/j.marpolbul.2019.07.068,ocean,grab-net,table 3 & 4,28_0724,grab,0.0012,1,1,0,"grab vol assumed, net vol calculated from tow distance & time. Grab samples = 76% fiber; net samples = 88% fiber, but no sample-specific info. No size info. My recorded low rate = their tow speed.",
0,McEacherna 2019,https://doi.org/10.1016/j.marpolbul.2019.07.068,ocean,grab-net,table 3 & 4,94_0417,grab,0.0012,1,1,0,"grab vol assumed, net vol calculated from tow distance & time. Grab samples = 76% fiber; net samples = 88% fiber, but no sample-specific info. No size info. My recorded low rate = their tow speed.",
0,McEacherna 2019,https://doi.org/10.1016/j.marpolbul.2019.07.068,ocean,grab-net,table 3 & 4,94_0516,grab,0.0012,1,0,0,"grab vol assumed, net vol calculated from tow distance & time. Grab samples = 76% fiber; net samples = 88% fiber, but no sample-specific info. No size info. My recorded low rate = their tow speed.",
0,McEacherna 2019,https://doi.org/10.1016/j.marpolbul.2019.07.068,ocean,grab-net,table 3 & 4,94_0619,grab,0.0012,1,0,0,"grab vol assumed, net vol calculated from tow distance & time. Grab samples = 76% fiber; net samples = 88% fiber, but no sample-specific info. No size info. My recorded low rate = their tow speed.",
0,McEacherna 2019,https://doi.org/10.1016/j.marpolbul.2019.07.068,ocean,grab-net,table 3 & 4,94_0718,grab,0.0012,1,2,0,"grab vol assumed, net vol calculated from tow distance & time. Grab samples = 76% fiber; net samples = 88% fiber, but no sample-specific info. No size info. My recorded low rate = their tow speed.",
0,McEacherna 2019,https://doi.org/10.1016/j.marpolbul.2019.07.068,ocean,grab-net,table 3 & 4,42_1003,net,0.33,353429.1735,0.0023,0,"grab vol assumed, net vol calculated from tow distance & time. Grab samples = 76% fiber; net samples = 88% fiber, but no sample-specific info. No size info. My recorded low rate = their tow speed.",
0,McEacherna 2019,https://doi.org/10.1016/j.marpolbul.2019.07.068,ocean,grab-net,table 3 & 4,50_1003,net,0.33,353429.1735,0.0041,0,"grab vol assumed, net vol calculated from tow distance & time. Grab samples = 76% fiber; net samples = 88% fiber, but no sample-specific info. No size info. My recorded low rate = their tow speed.",
0,McEacherna 2019,https://doi.org/10.1016/j.marpolbul.2019.07.068,ocean,grab-net,table 3 & 4,42_1101,net,0.33,353429.1735,0.0039,0,"grab vol assumed, net vol calculated from tow distance & time. Grab samples = 76% fiber; net samples = 88% fiber, but no sample-specific info. No size info. My recorded low rate = their tow speed.",
0,McEacherna 2019,https://doi.org/10.1016/j.marpolbul.2019.07.068,ocean,grab-net,table 3 & 4,50_1101,net,0.33,353429.1735,0.0026,0,"grab vol assumed, net vol calculated from tow distance & time. Grab samples = 76% fiber; net samples = 88% fiber, but no sample-specific info. No size info. My recorded low rate = their tow speed.",
0,McEacherna 2019,https://doi.org/10.1016/j.marpolbul.2019.07.068,ocean,grab-net,table 3 & 4,42_0410,net,0.33,353429.1735,0.0031,0,"grab vol assumed, net vol calculated from tow distance & time. Grab samples = 76% fiber; net samples = 88% fiber, but no sample-specific info. No size info. My recorded low rate = their tow speed.",
0,McEacherna 2019,https://doi.org/10.1016/j.marpolbul.2019.07.068,ocean,grab-net,table 3 & 4,50_0410,net,0.33,353429.1735,0.0054,0,"grab vol assumed, net vol calculated from tow distance & time. Grab samples = 76% fiber; net samples = 88% fiber, but no sample-specific info. No size info. My recorded low rate = their tow speed.",
0,McEacherna 2019,https://doi.org/10.1016/j.marpolbul.2019.07.068,ocean,grab-net,table 3 & 4,42_0605,net,0.33,353429.1735,0.0024,0,"grab vol assumed, net vol calculated from tow distance & time. Grab samples = 76% fiber; net samples = 88% fiber, but no sample-specific info. No size info. My recorded low rate = their tow speed.",
0,McEacherna 2019,https://doi.org/10.1016/j.marpolbul.2019.07.068,ocean,grab-net,table 3 & 4,50_0605,net,0.33,353429.1735,0.0082,0,"grab vol assumed, net vol calculated from tow distance & time. Grab samples = 76% fiber; net samples = 88% fiber, but no sample-specific info. No size info. My recorded low rate = their tow speed.",
0,McEacherna 2019,https://doi.org/10.1016/j.marpolbul.2019.07.068,ocean,grab-net,table 3 & 4,42_0705,net,0.33,353429.1735,0.0035,0,"grab vol assumed, net vol calculated from tow distance & time. Grab samples = 76% fiber; net samples = 88% fiber, but no sample-specific info. No size info. My recorded low rate = their tow speed.",
0,McEacherna 2019,https://doi.org/10.1016/j.marpolbul.2019.07.068,ocean,grab-net,table 3 & 4,50_0705,net,0.33,353429.1735,0.0026,0,"grab vol assumed, net vol calculated from tow distance & time. Grab samples = 76% fiber; net samples = 88% fiber, but no sample-specific info. No size info. My recorded low rate = their tow speed.",
0,McEacherna 2019,https://doi.org/10.1016/j.marpolbul.2019.07.068,ocean,grab-net,table 3 & 4,08_1011,net,0.33,353429.1735,0.0049,0,"grab vol assumed, net vol calculated from tow distance & time. Grab samples = 76% fiber; net samples = 88% fiber, but no sample-specific info. No size info. My recorded low rate = their tow speed.",
0,McEacherna 2019,https://doi.org/10.1016/j.marpolbul.2019.07.068,ocean,grab-net,table 3 & 4,08_1107,net,0.33,353429.1735,0.0044,0,"grab vol assumed, net vol calculated from tow distance & time. Grab samples = 76% fiber; net samples = 88% fiber, but no sample-specific info. No size info. My recorded low rate = their tow speed.",
0,McEacherna 2019,https://doi.org/10.1016/j.marpolbul.2019.07.068,ocean,grab-net,table 3 & 4,08_0411,net,0.33,353429.1735,0.0042,0,"grab vol assumed, net vol calculated from tow distance & time. Grab samples = 76% fiber; net samples = 88% fiber, but no sample-specific info. No size info. My recorded low rate = their tow speed.",
0,McEacherna 2019,https://doi.org/10.1016/j.marpolbul.2019.07.068,ocean,grab-net,table 3 & 4,08_0508,net,0.33,353429.1735,0.0022,0,"grab vol assumed, net vol calculated from tow distance & time. Grab samples = 76% fiber; net samples = 88% fiber, but no sample-specific info. No size info. My recorded low rate = their tow speed.",
0,McEacherna 2019,https://doi.org/10.1016/j.marpolbul.2019.07.068,ocean,grab-net,table 3 & 4,08_0613,net,0.33,353429.1735,0.004,0,"grab vol assumed, net vol calculated from tow distance & time. Grab samples = 76% fiber; net samples = 88% fiber, but no sample-specific info. No size info. My recorded low rate = their tow speed.",
0,McEacherna 2019,https://doi.org/10.1016/j.marpolbul.2019.07.068,ocean,grab-net,table 3 & 4,08_0710,net,0.33,353429.1735,0.0049,0,"grab vol assumed, net vol calculated from tow distance & time. Grab samples = 76% fiber; net samples = 88% fiber, but no sample-specific info. No size info. My recorded low rate = their tow speed.",
0,McEacherna 2019,https://doi.org/10.1016/j.marpolbul.2019.07.068,ocean,grab-net,table 3 & 4,28_0417,net,0.33,353429.1735,0.0034,0,"grab vol assumed, net vol calculated from tow distance & time. Grab samples = 76% fiber; net samples = 88% fiber, but no sample-specific info. No size info. My recorded low rate = their tow speed.",
0,McEacherna 2019,https://doi.org/10.1016/j.marpolbul.2019.07.068,ocean,grab-net,table 3 & 4,28_0516,net,0.33,353429.1735,0.0063,0,"grab vol assumed, net vol calculated from tow distance & time. Grab samples = 76% fiber; net samples = 88% fiber, but no sample-specific info. No size info. My recorded low rate = their tow speed.",
0,McEacherna 2019,https://doi.org/10.1016/j.marpolbul.2019.07.068,ocean,grab-net,table 3 & 4,28_0724,net,0.33,353429.1735,0.0012,0,"grab vol assumed, net vol calculated from tow distance & time. Grab samples = 76% fiber; net samples = 88% fiber, but no sample-specific info. No size info. My recorded low rate = their tow speed.",
0,McEacherna 2019,https://doi.org/10.1016/j.marpolbul.2019.07.068,ocean,grab-net,table 3 & 4,94_0417,net,0.33,353429.1735,0.002,0,"grab vol assumed, net vol calculated from tow distance & time. Grab samples = 76% fiber; net samples = 88% fiber, but no sample-specific info. No size info. My recorded low rate = their tow speed.",
0,McEacherna 2019,https://doi.org/10.1016/j.marpolbul.2019.07.068,ocean,grab-net,table 3 & 4,94_0516,net,0.33,353429.1735,0.0016,0,"grab vol assumed, net vol calculated from tow distance & time. Grab samples = 76% fiber; net samples = 88% fiber, but no sample-specific info. No size info. My recorded low rate = their tow speed.",
0,McEacherna 2019,https://doi.org/10.1016/j.marpolbul.2019.07.068,ocean,grab-net,table 3 & 4,94_0619,net,0.33,353429.1735,0.0181,0,"grab vol assumed, net vol calculated from tow distance & time. Grab samples = 76% fiber; net samples = 88% fiber, but no sample-specific info. No size info. My recorded low rate = their tow speed.",
0,McEacherna 2019,https://doi.org/10.1016/j.marpolbul.2019.07.068,ocean,grab-net,table 3 & 4,94_0718,net,0.33,353429.1735,0.0054,0,"grab vol assumed, net vol calculated from tow distance & time. Grab samples = 76% fiber; net samples = 88% fiber, but no sample-specific info. No size info. My recorded low rate = their tow speed.",
0,This study,see connected manuscript,river,grab-net,unpublished data,cc_1025,grab,0.335,2,62.5,8,concentration uncorrected by blanks,62.5
0,This study,see connected manuscript,river,grab-net,unpublished data,ec_1108,grab,0.335,4,23.2,8,concentration uncorrected by blanks,23.2
0,This study,see connected manuscript,river,grab-net,unpublished data,ec_1117,grab,0.335,1,185,8,concentration uncorrected by blanks,185
0,This study,see connected manuscript,river,grab-net,unpublished data,fc_1012,grab,0.335,1,119,8,concentration uncorrected by blanks,119
0,This study,see connected manuscript,river,grab-net,unpublished data,fc_1108,grab,0.335,4,40.5,8,concentration uncorrected by blanks,40.5
0,This study,see connected manuscript,river,grab-net,unpublished data,fc_0927,grab,0.335,1,226,8,concentration uncorrected by blanks,226
0,This study,see connected manuscript,river,grab-net,unpublished data,sm_0928,grab,0.335,1,196,8,concentration uncorrected by blanks,196
0,This study,see connected manuscript,river,grab-net,unpublished data,sm_1012,grab,0.335,1,196,8,concentration uncorrected by blanks,196
0,This study,see connected manuscript,river,grab-net,unpublished data,cc_1025,net,0.335,49934.942,0.0032,8,concentration uncorrected by blanks,0.0032
0,This study,see connected manuscript,river,grab-net,unpublished data,ec_1108,net,0.335,9724.173,0.0197,8,concentration uncorrected by blanks,0.0197
0,This study,see connected manuscript,river,grab-net,unpublished data,ec_1117,net,0.335,14282.296,0.0162,8,concentration uncorrected by blanks,0.0162
0,This study,see connected manuscript,river,grab-net,unpublished data,fc_1012,net,0.335,20299.62,0.0153,8,concentration uncorrected by blanks,0.0153
0,This study,see connected manuscript,river,grab-net,unpublished data,fc_1108,net,0.335,90334.195,0.0032,8,concentration uncorrected by blanks,0.0032
0,This study,see connected manuscript,river,grab-net,unpublished data,fc_0927,net,0.335,26170.06516,0.0148,8,concentration uncorrected by blanks,0.0148
0,This study,see connected manuscript,river,grab-net,unpublished data,sm_0928,net,0.335,14639.796,0.0117,8,concentration uncorrected by blanks,0.0117
0,This study,see connected manuscript,river,grab-net,unpublished data,sm_1012,net,0.335,34971.273,0.0098,8,concentration uncorrected by blanks,0.0098
0,Green 2018,https://doi.org/10.1016/j.marpolbul.2018.11.004,ocean,grab-net,table 2,Falklands,grab,0.00045,1,9.8,0,no comment,
0,Green 2018,https://doi.org/10.1016/j.marpolbul.2018.11.004,ocean,grab-net,table 2,Plymouth,grab,0.00045,1,2.6,0,no comment,
0,Green 2018,https://doi.org/10.1016/j.marpolbul.2018.11.004,ocean,grab-net,table 2,Falklands,net,0.5,30000,0.0001,0,no comment,
0,Green 2018,https://doi.org/10.1016/j.marpolbul.2018.11.004,ocean,grab-net,table 2,Plymouth,net,0.3,57874.95,0.0008,0,no comment,
0,Barrows 2017,https://doi.org/10.1039/C6AY02387H,ocean,grab-net,table 1,100614,grab,0.00005,1,3.4,0.17,"Available concentrations are an avg. by date (n grab = 6, n net = 2), not individual pairs. grab samples had higher proportion of non-fibers than net samples. Net fibers wider but not longer than grab fibers. Volumes are estimated based on submerged net opening & tow distance. fiber percent is average for entire study.",
0,Barrows 2017,https://doi.org/10.1039/C6AY02387H,ocean,grab-net,table 1,101314,grab,0.00005,1,10,0.17,"Available numbers are an avg. by date (n grab = 5, n net = 2), not individual pairs. grab samples had higher proportion of non-fibers than net samples. Net fibers wider but not longer than grab fibers. Volumes are estimated based on submerged net opening & tow distance. fiber percent is average for entire study.",
0,Barrows 2017,https://doi.org/10.1039/C6AY02387H,ocean,grab-net,table 1,102814,grab,0.00005,1,4.9,0.17,"Available numbers are an avg. by date (n grab = 6, n net = 2), not individual pairs. grab samples had higher proportion of non-fibers than net samples. Net fibers wider but not longer than grab fibers. Volumes are estimated based on submerged net opening & tow distance. fiber percent is average for entire study.",
0,Barrows 2017,https://doi.org/10.1039/C6AY02387H,ocean,grab-net,table 1,100614,net,0.335,395865,0.003,0.17,"Available concentrations are an avg. by date (n grab = 6, n net = 2), not individual pairs. grab samples had higher proportion of non-fibers than net samples. Net fibers wider but not longer than grab fibers. Volumes are estimated based on submerged net opening & tow distance. fiber percent is average for entire study.",
0,Barrows 2017,https://doi.org/10.1039/C6AY02387H,ocean,grab-net,table 1,101314,net,0.335,395865,0.003,0.17,"Available numbers are an avg. by date (n grab = 5, n net = 2), not individual pairs. grab samples had higher proportion of non-fibers than net samples. Net fibers wider but not longer than grab fibers. Volumes are estimated based on submerged net opening & tow distance. fiber percent is average for entire study.",
0,Barrows 2017,https://doi.org/10.1039/C6AY02387H,ocean,grab-net,table 1,102814,net,0.335,395865,0.008,0.17,"Available numbers are an avg. by date (n grab = 6, n net = 2), not individual pairs. grab samples had higher proportion of non-fibers than net samples. Net fibers wider but not longer than grab fibers. Volumes are estimated based on submerged net opening & tow distance. fiber percent is average for entire study.",
0,Song 2014,https://doi.org/10.1021/es501757s,ocean,grab-net,study-wide average only,avg,grab,0.05,100,1.1,0,no comment,
0,Song 2014,https://doi.org/10.1021/es501757s,ocean,grab-net,study-wide average only,avg,net,0.33,63850,0.047,0,no comment,
0,Vermaire 2017,https://doi.org/10.1139/facets-2016-0070,river,grab-net,study-wide average only,avg,grab,0.1,100,0.1,0.02,no comment,0.1
0,Vermaire 2017,https://doi.org/10.1139/facets-2016-0070,river,grab-net,study-wide average only,avg,net,0.1,128000,0.0014,0.02,no comment,0.0014
0,Chae 2015,https://doi.org/10.1007/s00244-015-0173-4,ocean,grab-net,figure 2,I1,grab,0.02,100,0.01,0,"site concentrations estimated from figure 2. volume approximate--reported as average in ""Sample collection"" method section.",
0,Chae 2015,https://doi.org/10.1007/s00244-015-0173-4,ocean,grab-net,figure 2,I3,grab,0.02,100,0.01,0,"site concentrations estimated from figure 2. volume approximate--reported as average in ""Sample collection"" method section.",
0,Chae 2015,https://doi.org/10.1007/s00244-015-0173-4,ocean,grab-net,figure 2,M1,grab,0.02,100,0.02,0,"site concentrations estimated from figure 2. volume approximate--reported as average in ""Sample collection"" method section.",
0,Chae 2015,https://doi.org/10.1007/s00244-015-0173-4,ocean,grab-net,figure 2,M3,grab,0.02,100,0.04,0,"site concentrations estimated from figure 2. volume approximate--reported as average in ""Sample collection"" method section.",
0,Chae 2015,https://doi.org/10.1007/s00244-015-0173-4,ocean,grab-net,figure 2,O3,grab,0.02,100,0.01,0,"site concentrations estimated from figure 2. volume approximate--reported as average in ""Sample collection"" method section.",
0,Chae 2015,https://doi.org/10.1007/s00244-015-0173-4,ocean,grab-net,figure 2,I1,net,0.33,100000,0.0025,0,"site concentrations estimated from figure 2. volume approximate--reported as average in ""Sample collection"" method section.",
0,Chae 2015,https://doi.org/10.1007/s00244-015-0173-4,ocean,grab-net,figure 2,I3,net,0.33,100000,0.00005,0,"site concentrations estimated from figure 2. volume approximate--reported as average in ""Sample collection"" method section.",
0,Chae 2015,https://doi.org/10.1007/s00244-015-0173-4,ocean,grab-net,figure 2,M1,net,0.33,100000,0.00002,0,"site concentrations estimated from figure 2. volume approximate--reported as average in ""Sample collection"" method section.",
0,Chae 2015,https://doi.org/10.1007/s00244-015-0173-4,ocean,grab-net,figure 2,M3,net,0.33,100000,0.00001,0,"site concentrations estimated from figure 2. volume approximate--reported as average in ""Sample collection"" method section.",
0,Chae 2015,https://doi.org/10.1007/s00244-015-0173-4,ocean,grab-net,figure 2,O3,net,0.33,100000,0.00007,0,"site concentrations estimated from figure 2. volume approximate--reported as average in ""Sample collection"" method section.",
0,Kang 2015,https://doi.org/10.1016/j.marpolbul.2015.04.054,ocean,grab-net,figure 2,may_1,grab,0.05,100,0.714285714,,"volume calculated from average speed, time deployed and mouth dimensions (assuming half of mouth submerged). Site specific volumes not available. Tow speed used as flow rate",
0,Kang 2015,https://doi.org/10.1016/j.marpolbul.2015.04.054,ocean,grab-net,figure 2,may_2,grab,0.05,100,0.500004,,"volume calculated from average speed, time deployed and mouth dimensions (assuming half of mouth submerged). Site specific volumes not available. Tow speed used as flow rate",
0,Kang 2015,https://doi.org/10.1016/j.marpolbul.2015.04.054,ocean,grab-net,figure 2,may_3,grab,0.05,100,1.428571429,,"volume calculated from average speed, time deployed and mouth dimensions (assuming half of mouth submerged). Site specific volumes not available. Tow speed used as flow rate",
0,Kang 2015,https://doi.org/10.1016/j.marpolbul.2015.04.054,ocean,grab-net,figure 2,may_4,grab,0.05,100,0.714285714,,"volume calculated from average speed, time deployed and mouth dimensions (assuming half of mouth submerged). Site specific volumes not available. Tow speed used as flow rate",
0,Kang 2015,https://doi.org/10.1016/j.marpolbul.2015.04.054,ocean,grab-net,figure 2,may_5,grab,0.05,100,1.142857143,,"volume calculated from average speed, time deployed and mouth dimensions (assuming half of mouth submerged). Site specific volumes not available. Tow speed used as flow rate",
0,Kang 2015,https://doi.org/10.1016/j.marpolbul.2015.04.054,ocean,grab-net,figure 2,may_6,grab,0.05,100,0.5,,"volume calculated from average speed, time deployed and mouth dimensions (assuming half of mouth submerged). Site specific volumes not available. Tow speed used as flow rate",
0,Kang 2015,https://doi.org/10.1016/j.marpolbul.2015.04.054,ocean,grab-net,figure 2,may_7,grab,0.05,100,0.321428571,,"volume calculated from average speed, time deployed and mouth dimensions (assuming half of mouth submerged). Site specific volumes not available. Tow speed used as flow rate",
0,Kang 2015,https://doi.org/10.1016/j.marpolbul.2015.04.054,ocean,grab-net,figure 2,may_8,grab,0.05,100,0.785714286,,"volume calculated from average speed, time deployed and mouth dimensions (assuming half of mouth submerged). Site specific volumes not available. Tow speed used as flow rate",
0,Kang 2015,https://doi.org/10.1016/j.marpolbul.2015.04.054,ocean,grab-net,figure 2,may_9,grab,0.05,100,0.214285714,,"volume calculated from average speed, time deployed and mouth dimensions (assuming half of mouth submerged). Site specific volumes not available. Tow speed used as flow rate",
0,Kang 2015,https://doi.org/10.1016/j.marpolbul.2015.04.054,ocean,grab-net,figure 2,may_10,grab,0.05,100,0.714285714,,"volume calculated from average speed, time deployed and mouth dimensions (assuming half of mouth submerged). Site specific volumes not available. Tow speed used as flow rate",
0,Kang 2015,https://doi.org/10.1016/j.marpolbul.2015.04.054,ocean,grab-net,figure 2,may_11,grab,0.05,100,0.25,,"volume calculated from average speed, time deployed and mouth dimensions (assuming half of mouth submerged). Site specific volumes not available. Tow speed used as flow rate",
0,Kang 2015,https://doi.org/10.1016/j.marpolbul.2015.04.054,ocean,grab-net,figure 2,may_12,grab,0.05,100,0.357142857,,"volume calculated from average speed, time deployed and mouth dimensions (assuming half of mouth submerged). Site specific volumes not available. Tow speed used as flow rate",
0,Kang 2015,https://doi.org/10.1016/j.marpolbul.2015.04.054,ocean,grab-net,figure 2,may_13,grab,0.05,100,0.571428571,,"volume calculated from average speed, time deployed and mouth dimensions (assuming half of mouth submerged). Site specific volumes not available. Tow speed used as flow rate",
0,Kang 2015,https://doi.org/10.1016/j.marpolbul.2015.04.054,ocean,grab-net,figure 2,may_13-1,grab,0.05,100,0.357142857,,"volume calculated from average speed, time deployed and mouth dimensions (assuming half of mouth submerged). Site specific volumes not available. Tow speed used as flow rate",
0,Kang 2015,https://doi.org/10.1016/j.marpolbul.2015.04.054,ocean,grab-net,figure 2,may_14,grab,0.05,100,0.25,,"volume calculated from average speed, time deployed and mouth dimensions (assuming half of mouth submerged). Site specific volumes not available. Tow speed used as flow rate",
0,Kang 2015,https://doi.org/10.1016/j.marpolbul.2015.04.054,ocean,grab-net,figure 2,may_15,grab,0.05,100,0.357142857,,"volume calculated from average speed, time deployed and mouth dimensions (assuming half of mouth submerged). Site specific volumes not available. Tow speed used as flow rate",
0,Kang 2015,https://doi.org/10.1016/j.marpolbul.2015.04.054,ocean,grab-net,figure 2,may_16,grab,0.05,100,0.428571429,,"volume calculated from average speed, time deployed and mouth dimensions (assuming half of mouth submerged). Site specific volumes not available. Tow speed used as flow rate",
0,Kang 2015,https://doi.org/10.1016/j.marpolbul.2015.04.054,ocean,grab-net,figure 2,may_17,grab,0.05,100,1.142857143,,"volume calculated from average speed, time deployed and mouth dimensions (assuming half of mouth submerged). Site specific volumes not available. Tow speed used as flow rate",
0,Kang 2015,https://doi.org/10.1016/j.marpolbul.2015.04.054,ocean,grab-net,figure 2,may_18,grab,0.05,100,0.5,,"volume calculated from average speed, time deployed and mouth dimensions (assuming half of mouth submerged). Site specific volumes not available. Tow speed used as flow rate",
0,Kang 2015,https://doi.org/10.1016/j.marpolbul.2015.04.054,ocean,grab-net,figure 2,may_19,grab,0.05,100,0.357142857,,"volume calculated from average speed, time deployed and mouth dimensions (assuming half of mouth submerged). Site specific volumes not available. Tow speed used as flow rate",
0,Kang 2015,https://doi.org/10.1016/j.marpolbul.2015.04.054,ocean,grab-net,figure 2,may_20,grab,0.05,100,0.5,,"volume calculated from average speed, time deployed and mouth dimensions (assuming half of mouth submerged). Site specific volumes not available. Tow speed used as flow rate",
0,Kang 2015,https://doi.org/10.1016/j.marpolbul.2015.04.054,ocean,grab-net,figure 2,July_1,grab,0.05,100,0.571428571,,"volume calculated from average speed, time deployed and mouth dimensions (assuming half of mouth submerged). Site specific volumes not available. Tow speed used as flow rate",
0,Kang 2015,https://doi.org/10.1016/j.marpolbul.2015.04.054,ocean,grab-net,figure 2,July_2,grab,0.05,100,0.478571429,,"volume calculated from average speed, time deployed and mouth dimensions (assuming half of mouth submerged). Site specific volumes not available. Tow speed used as flow rate",
0,Kang 2015,https://doi.org/10.1016/j.marpolbul.2015.04.054,ocean,grab-net,figure 2,July_3,grab,0.05,100,0.214285714,,"volume calculated from average speed, time deployed and mouth dimensions (assuming half of mouth submerged). Site specific volumes not available. Tow speed used as flow rate",
0,Kang 2015,https://doi.org/10.1016/j.marpolbul.2015.04.054,ocean,grab-net,figure 2,July_4,grab,0.05,100,0.5,,"volume calculated from average speed, time deployed and mouth dimensions (assuming half of mouth submerged). Site specific volumes not available. Tow speed used as flow rate",
0,Kang 2015,https://doi.org/10.1016/j.marpolbul.2015.04.054,ocean,grab-net,figure 2,July_5,grab,0.05,100,0.392857143,,"volume calculated from average speed, time deployed and mouth dimensions (assuming half of mouth submerged). Site specific volumes not available. Tow speed used as flow rate",
0,Kang 2015,https://doi.org/10.1016/j.marpolbul.2015.04.054,ocean,grab-net,figure 2,July_6,grab,0.05,100,0.857142857,,"volume calculated from average speed, time deployed and mouth dimensions (assuming half of mouth submerged). Site specific volumes not available. Tow speed used as flow rate",
0,Kang 2015,https://doi.org/10.1016/j.marpolbul.2015.04.054,ocean,grab-net,figure 2,July_7,grab,0.05,100,0.357142857,,"volume calculated from average speed, time deployed and mouth dimensions (assuming half of mouth submerged). Site specific volumes not available. Tow speed used as flow rate",
0,Kang 2015,https://doi.org/10.1016/j.marpolbul.2015.04.054,ocean,grab-net,figure 2,July_8,grab,0.05,100,1.857142857,,"volume calculated from average speed, time deployed and mouth dimensions (assuming half of mouth submerged). Site specific volumes not available. Tow speed used as flow rate",
0,Kang 2015,https://doi.org/10.1016/j.marpolbul.2015.04.054,ocean,grab-net,figure 2,July_9,grab,0.05,100,1.142857143,,"volume calculated from average speed, time deployed and mouth dimensions (assuming half of mouth submerged). Site specific volumes not available. Tow speed used as flow rate",
0,Kang 2015,https://doi.org/10.1016/j.marpolbul.2015.04.054,ocean,grab-net,figure 2,July_10,grab,0.05,100,0.464285714,,"volume calculated from average speed, time deployed and mouth dimensions (assuming half of mouth submerged). Site specific volumes not available. Tow speed used as flow rate",
0,Kang 2015,https://doi.org/10.1016/j.marpolbul.2015.04.054,ocean,grab-net,figure 2,July_11,grab,0.05,100,0.428571429,,"volume calculated from average speed, time deployed and mouth dimensions (assuming half of mouth submerged). Site specific volumes not available. Tow speed used as flow rate",
0,Kang 2015,https://doi.org/10.1016/j.marpolbul.2015.04.054,ocean,grab-net,figure 2,July_12,grab,0.05,100,0.714285714,,"volume calculated from average speed, time deployed and mouth dimensions (assuming half of mouth submerged). Site specific volumes not available. Tow speed used as flow rate",
0,Kang 2015,https://doi.org/10.1016/j.marpolbul.2015.04.054,ocean,grab-net,figure 2,July_13,grab,0.05,100,0.607142857,,"volume calculated from average speed, time deployed and mouth dimensions (assuming half of mouth submerged). Site specific volumes not available. Tow speed used as flow rate",
0,Kang 2015,https://doi.org/10.1016/j.marpolbul.2015.04.054,ocean,grab-net,figure 2,July_13-1,grab,0.05,100,0.5,,"volume calculated from average speed, time deployed and mouth dimensions (assuming half of mouth submerged). Site specific volumes not available. Tow speed used as flow rate",
0,Kang 2015,https://doi.org/10.1016/j.marpolbul.2015.04.054,ocean,grab-net,figure 2,July_14,grab,0.05,100,0.607142857,,"volume calculated from average speed, time deployed and mouth dimensions (assuming half of mouth submerged). Site specific volumes not available. Tow speed used as flow rate",
0,Kang 2015,https://doi.org/10.1016/j.marpolbul.2015.04.054,ocean,grab-net,figure 2,July_15,grab,0.05,100,15.56,,"volume calculated from average speed, time deployed and mouth dimensions (assuming half of mouth submerged). Site specific volumes not available. Tow speed used as flow rate",
0,Kang 2015,https://doi.org/10.1016/j.marpolbul.2015.04.054,ocean,grab-net,figure 2,July_16,grab,0.05,100,0.464285714,,"volume calculated from average speed, time deployed and mouth dimensions (assuming half of mouth submerged). Site specific volumes not available. Tow speed used as flow rate",
0,Kang 2015,https://doi.org/10.1016/j.marpolbul.2015.04.054,ocean,grab-net,figure 2,July_17,grab,0.05,100,0.428571429,,"volume calculated from average speed, time deployed and mouth dimensions (assuming half of mouth submerged). Site specific volumes not available. Tow speed used as flow rate",
0,Kang 2015,https://doi.org/10.1016/j.marpolbul.2015.04.054,ocean,grab-net,figure 2,July_18,grab,0.05,100,0.714285714,,"volume calculated from average speed, time deployed and mouth dimensions (assuming half of mouth submerged). Site specific volumes not available. Tow speed used as flow rate",
0,Kang 2015,https://doi.org/10.1016/j.marpolbul.2015.04.054,ocean,grab-net,figure 2,July_18-1,grab,0.05,100,0,,"volume calculated from average speed, time deployed and mouth dimensions (assuming half of mouth submerged). Site specific volumes not available. Tow speed used as flow rate",
0,Kang 2015,https://doi.org/10.1016/j.marpolbul.2015.04.054,ocean,grab-net,figure 2,July_19,grab,0.05,100,0.5,,"volume calculated from average speed, time deployed and mouth dimensions (assuming half of mouth submerged). Site specific volumes not available. Tow speed used as flow rate",
0,Kang 2015,https://doi.org/10.1016/j.marpolbul.2015.04.054,ocean,grab-net,figure 2,July_20,grab,0.05,100,0.928571429,,"volume calculated from average speed, time deployed and mouth dimensions (assuming half of mouth submerged). Site specific volumes not available. Tow speed used as flow rate",
0,Kang 2015,https://doi.org/10.1016/j.marpolbul.2015.04.054,ocean,grab-net,figure 2,may_1,net,0.33,24076.026,0.0005,,"volume calculated from average speed, time deployed and mouth dimensions (assuming half of mouth submerged). Site specific volumes not available. Tow speed used as flow rate",
0,Kang 2015,https://doi.org/10.1016/j.marpolbul.2015.04.054,ocean,grab-net,figure 2,may_2,net,0.33,24076.026,0.00125,,"volume calculated from average speed, time deployed and mouth dimensions (assuming half of mouth submerged). Site specific volumes not available. Tow speed used as flow rate",
0,Kang 2015,https://doi.org/10.1016/j.marpolbul.2015.04.054,ocean,grab-net,figure 2,may_3,net,0.33,24076.026,0.00175,,"volume calculated from average speed, time deployed and mouth dimensions (assuming half of mouth submerged). Site specific volumes not available. Tow speed used as flow rate",
0,Kang 2015,https://doi.org/10.1016/j.marpolbul.2015.04.054,ocean,grab-net,figure 2,may_4,net,0.33,24076.026,0.0015,,"volume calculated from average speed, time deployed and mouth dimensions (assuming half of mouth submerged). Site specific volumes not available. Tow speed used as flow rate",
0,Kang 2015,https://doi.org/10.1016/j.marpolbul.2015.04.054,ocean,grab-net,figure 2,may_5,net,0.33,24076.026,0.0015,,"volume calculated from average speed, time deployed and mouth dimensions (assuming half of mouth submerged). Site specific volumes not available. Tow speed used as flow rate",
0,Kang 2015,https://doi.org/10.1016/j.marpolbul.2015.04.054,ocean,grab-net,figure 2,may_6,net,0.33,24076.026,0.0005,,"volume calculated from average speed, time deployed and mouth dimensions (assuming half of mouth submerged). Site specific volumes not available. Tow speed used as flow rate",
0,Kang 2015,https://doi.org/10.1016/j.marpolbul.2015.04.054,ocean,grab-net,figure 2,may_7,net,0.33,24076.026,0.00225,,"volume calculated from average speed, time deployed and mouth dimensions (assuming half of mouth submerged). Site specific volumes not available. Tow speed used as flow rate",
0,Kang 2015,https://doi.org/10.1016/j.marpolbul.2015.04.054,ocean,grab-net,figure 2,may_8,net,0.33,24076.026,0.00225,,"volume calculated from average speed, time deployed and mouth dimensions (assuming half of mouth submerged). Site specific volumes not available. Tow speed used as flow rate",
0,Kang 2015,https://doi.org/10.1016/j.marpolbul.2015.04.054,ocean,grab-net,figure 2,may_9,net,0.33,24076.026,0.003,,"volume calculated from average speed, time deployed and mouth dimensions (assuming half of mouth submerged). Site specific volumes not available. Tow speed used as flow rate",
0,Kang 2015,https://doi.org/10.1016/j.marpolbul.2015.04.054,ocean,grab-net,figure 2,may_10,net,0.33,24076.026,0.0569,,"volume calculated from average speed, time deployed and mouth dimensions (assuming half of mouth submerged). Site specific volumes not available. Tow speed used as flow rate",
0,Kang 2015,https://doi.org/10.1016/j.marpolbul.2015.04.054,ocean,grab-net,figure 2,may_11,net,0.33,24076.026,0.0045,,"volume calculated from average speed, time deployed and mouth dimensions (assuming half of mouth submerged). Site specific volumes not available. Tow speed used as flow rate",
0,Kang 2015,https://doi.org/10.1016/j.marpolbul.2015.04.054,ocean,grab-net,figure 2,may_12,net,0.33,24076.026,0.0005,,"volume calculated from average speed, time deployed and mouth dimensions (assuming half of mouth submerged). Site specific volumes not available. Tow speed used as flow rate",
0,Kang 2015,https://doi.org/10.1016/j.marpolbul.2015.04.054,ocean,grab-net,figure 2,may_13,net,0.33,24076.026,0.0015,,"volume calculated from average speed, time deployed and mouth dimensions (assuming half of mouth submerged). Site specific volumes not available. Tow speed used as flow rate",
0,Kang 2015,https://doi.org/10.1016/j.marpolbul.2015.04.054,ocean,grab-net,figure 2,may_13-1,net,0.33,24076.026,0.001,,"volume calculated from average speed, time deployed and mouth dimensions (assuming half of mouth submerged). Site specific volumes not available. Tow speed used as flow rate",
0,Kang 2015,https://doi.org/10.1016/j.marpolbul.2015.04.054,ocean,grab-net,figure 2,may_14,net,0.33,24076.026,0.00225,,"volume calculated from average speed, time deployed and mouth dimensions (assuming half of mouth submerged). Site specific volumes not available. Tow speed used as flow rate",
0,Kang 2015,https://doi.org/10.1016/j.marpolbul.2015.04.054,ocean,grab-net,figure 2,may_15,net,0.33,24076.026,0.0015,,"volume calculated from average speed, time deployed and mouth dimensions (assuming half of mouth submerged). Site specific volumes not available. Tow speed used as flow rate",
0,Kang 2015,https://doi.org/10.1016/j.marpolbul.2015.04.054,ocean,grab-net,figure 2,may_16,net,0.33,24076.026,0.0005,,"volume calculated from average speed, time deployed and mouth dimensions (assuming half of mouth submerged). Site specific volumes not available. Tow speed used as flow rate",
0,Kang 2015,https://doi.org/10.1016/j.marpolbul.2015.04.054,ocean,grab-net,figure 2,may_17,net,0.33,24076.026,0.00125,,"volume calculated from average speed, time deployed and mouth dimensions (assuming half of mouth submerged). Site specific volumes not available. Tow speed used as flow rate",
0,Kang 2015,https://doi.org/10.1016/j.marpolbul.2015.04.054,ocean,grab-net,figure 2,may_18,net,0.33,24076.026,0.001,,"volume calculated from average speed, time deployed and mouth dimensions (assuming half of mouth submerged). Site specific volumes not available. Tow speed used as flow rate",
0,Kang 2015,https://doi.org/10.1016/j.marpolbul.2015.04.054,ocean,grab-net,figure 2,may_19,net,0.33,24076.026,0.00125,,"volume calculated from average speed, time deployed and mouth dimensions (assuming half of mouth submerged). Site specific volumes not available. Tow speed used as flow rate",
0,Kang 2015,https://doi.org/10.1016/j.marpolbul.2015.04.054,ocean,grab-net,figure 2,may_20,net,0.33,24076.026,0.001,,"volume calculated from average speed, time deployed and mouth dimensions (assuming half of mouth submerged). Site specific volumes not available. Tow speed used as flow rate",
0,Kang 2015,https://doi.org/10.1016/j.marpolbul.2015.04.054,ocean,grab-net,figure 2,July_1,net,0.33,24076.026,0.005,,"volume calculated from average speed, time deployed and mouth dimensions (assuming half of mouth submerged). Site specific volumes not available. Tow speed used as flow rate",
0,Kang 2015,https://doi.org/10.1016/j.marpolbul.2015.04.054,ocean,grab-net,figure 2,July_2,net,0.33,24076.026,0.0015,,"volume calculated from average speed, time deployed and mouth dimensions (assuming half of mouth submerged). Site specific volumes not available. Tow speed used as flow rate",
0,Kang 2015,https://doi.org/10.1016/j.marpolbul.2015.04.054,ocean,grab-net,figure 2,July_3,net,0.33,24076.026,0.001,,"volume calculated from average speed, time deployed and mouth dimensions (assuming half of mouth submerged). Site specific volumes not available. Tow speed used as flow rate",
0,Kang 2015,https://doi.org/10.1016/j.marpolbul.2015.04.054,ocean,grab-net,figure 2,July_4,net,0.33,24076.026,0.00175,,"volume calculated from average speed, time deployed and mouth dimensions (assuming half of mouth submerged). Site specific volumes not available. Tow speed used as flow rate",
0,Kang 2015,https://doi.org/10.1016/j.marpolbul.2015.04.054,ocean,grab-net,figure 2,July_5,net,0.33,24076.026,0.00375,,"volume calculated from average speed, time deployed and mouth dimensions (assuming half of mouth submerged). Site specific volumes not available. Tow speed used as flow rate",
0,Kang 2015,https://doi.org/10.1016/j.marpolbul.2015.04.054,ocean,grab-net,figure 2,July_6,net,0.33,24076.026,0.0025,,"volume calculated from average speed, time deployed and mouth dimensions (assuming half of mouth submerged). Site specific volumes not available. Tow speed used as flow rate",
0,Kang 2015,https://doi.org/10.1016/j.marpolbul.2015.04.054,ocean,grab-net,figure 2,July_7,net,0.33,24076.026,0.0045,,"volume calculated from average speed, time deployed and mouth dimensions (assuming half of mouth submerged). Site specific volumes not available. Tow speed used as flow rate",
0,Kang 2015,https://doi.org/10.1016/j.marpolbul.2015.04.054,ocean,grab-net,figure 2,July_8,net,0.33,24076.026,0.00525,,"volume calculated from average speed, time deployed and mouth dimensions (assuming half of mouth submerged). Site specific volumes not available. Tow speed used as flow rate",
0,Kang 2015,https://doi.org/10.1016/j.marpolbul.2015.04.054,ocean,grab-net,figure 2,July_9,net,0.33,24076.026,0.0015,,"volume calculated from average speed, time deployed and mouth dimensions (assuming half of mouth submerged). Site specific volumes not available. Tow speed used as flow rate",
0,Kang 2015,https://doi.org/10.1016/j.marpolbul.2015.04.054,ocean,grab-net,figure 2,July_10,net,0.33,24076.026,0.0035,,"volume calculated from average speed, time deployed and mouth dimensions (assuming half of mouth submerged). Site specific volumes not available. Tow speed used as flow rate",
0,Kang 2015,https://doi.org/10.1016/j.marpolbul.2015.04.054,ocean,grab-net,figure 2,July_11,net,0.33,24076.026,0.005,,"volume calculated from average speed, time deployed and mouth dimensions (assuming half of mouth submerged). Site specific volumes not available. Tow speed used as flow rate",
0,Kang 2015,https://doi.org/10.1016/j.marpolbul.2015.04.054,ocean,grab-net,figure 2,July_12,net,0.33,24076.026,0.002,,"volume calculated from average speed, time deployed and mouth dimensions (assuming half of mouth submerged). Site specific volumes not available. Tow speed used as flow rate",
0,Kang 2015,https://doi.org/10.1016/j.marpolbul.2015.04.054,ocean,grab-net,figure 2,July_13,net,0.33,24076.026,0.001,,"volume calculated from average speed, time deployed and mouth dimensions (assuming half of mouth submerged). Site specific volumes not available. Tow speed used as flow rate",
0,Kang 2015,https://doi.org/10.1016/j.marpolbul.2015.04.054,ocean,grab-net,figure 2,July_13-1,net,0.33,24076.026,0.004,,"volume calculated from average speed, time deployed and mouth dimensions (assuming half of mouth submerged). Site specific volumes not available. Tow speed used as flow rate",
0,Kang 2015,https://doi.org/10.1016/j.marpolbul.2015.04.054,ocean,grab-net,figure 2,July_14,net,0.33,24076.026,0.0015,,"volume calculated from average speed, time deployed and mouth dimensions (assuming half of mouth submerged). Site specific volumes not available. Tow speed used as flow rate",
0,Kang 2015,https://doi.org/10.1016/j.marpolbul.2015.04.054,ocean,grab-net,figure 2,July_15,net,0.33,24076.026,0.86,,"volume calculated from average speed, time deployed and mouth dimensions (assuming half of mouth submerged). Site specific volumes not available. Tow speed used as flow rate",
0,Kang 2015,https://doi.org/10.1016/j.marpolbul.2015.04.054,ocean,grab-net,figure 2,July_16,net,0.33,24076.026,0.0005,,"volume calculated from average speed, time deployed and mouth dimensions (assuming half of mouth submerged). Site specific volumes not available. Tow speed used as flow rate",
0,Kang 2015,https://doi.org/10.1016/j.marpolbul.2015.04.054,ocean,grab-net,figure 2,July_17,net,0.33,24076.026,0.0005,,"volume calculated from average speed, time deployed and mouth dimensions (assuming half of mouth submerged). Site specific volumes not available. Tow speed used as flow rate",
0,Kang 2015,https://doi.org/10.1016/j.marpolbul.2015.04.054,ocean,grab-net,figure 2,July_18,net,0.33,24076.026,0.001,,"volume calculated from average speed, time deployed and mouth dimensions (assuming half of mouth submerged). Site specific volumes not available. Tow speed used as flow rate",
0,Kang 2015,https://doi.org/10.1016/j.marpolbul.2015.04.054,ocean,grab-net,figure 2,July_18-1,net,0.33,24076.026,0.0705,,"volume calculated from average speed, time deployed and mouth dimensions (assuming half of mouth submerged). Site specific volumes not available. Tow speed used as flow rate",
0,Kang 2015,https://doi.org/10.1016/j.marpolbul.2015.04.054,ocean,grab-net,figure 2,July_19,net,0.33,24076.026,0.0015,,"volume calculated from average speed, time deployed and mouth dimensions (assuming half of mouth submerged). Site specific volumes not available. Tow speed used as flow rate",
0,Kang 2015,https://doi.org/10.1016/j.marpolbul.2015.04.054,ocean,grab-net,figure 2,July_20,net,0.33,24076.026,0.001,,"volume calculated from average speed, time deployed and mouth dimensions (assuming half of mouth submerged). Site specific volumes not available. Tow speed used as flow rate",
0,Hung 2020,https://doi.org/10.1002/ieam.4325,ocean,grab-net,figure 3,1,grab,0.02,1.01,3.95,2,"volumes from supp materials (checked coords in manta and grab sample list tabs against figure 1 map to ensure stations numbers correct. Concentrations measured from figure 3 with ruler. Fiber total summed in individual site sheets (supp materials, countif(category column, ""fiber""))",
0,Hung 2020,https://doi.org/10.1002/ieam.4325,ocean,grab-net,figure 3,2,grab,0.02,1,4,2,"volumes from supp materials (checked coords in manta and grab sample list tabs against figure 1 map to ensure stations numbers correct. Concentrations measured from figure 3 with ruler. Fiber total summed in individual site sheets (supp materials, countif(category column, ""fiber""))",
0,Hung 2020,https://doi.org/10.1002/ieam.4325,ocean,grab-net,figure 3,3,grab,0.02,0.92,1.1,2,"volumes from supp materials (checked coords in manta and grab sample list tabs against figure 1 map to ensure stations numbers correct. Concentrations measured from figure 3 with ruler. Fiber total summed in individual site sheets (supp materials, countif(category column, ""fiber""))",
0,Hung 2020,https://doi.org/10.1002/ieam.4325,ocean,grab-net,figure 3,4,grab,0.02,0.94,0,2,"volumes from supp materials (checked coords in manta and grab sample list tabs against figure 1 map to ensure stations numbers correct. Concentrations measured from figure 3 with ruler. Fiber total summed in individual site sheets (supp materials, countif(category column, ""fiber""))",
0,Hung 2020,https://doi.org/10.1002/ieam.4325,ocean,grab-net,figure 3,5,grab,0.02,0.962,2.1,2,"volumes from supp materials (checked coords in manta and grab sample list tabs against figure 1 map to ensure stations numbers correct. Concentrations measured from figure 3 with ruler. Fiber total summed in individual site sheets (supp materials, countif(category column, ""fiber""))",
0,Hung 2020,https://doi.org/10.1002/ieam.4325,ocean,grab-net,figure 3,6,grab,0.02,0.922,4.325,2,"volumes from supp materials (checked coords in manta and grab sample list tabs against figure 1 map to ensure stations numbers correct. Concentrations measured from figure 3 with ruler. Fiber total summed in individual site sheets (supp materials, countif(category column, ""fiber""))",
0,Hung 2020,https://doi.org/10.1002/ieam.4325,ocean,grab-net,figure 3,7,grab,0.02,1,4,2,"volumes from supp materials (checked coords in manta and grab sample list tabs against figure 1 map to ensure stations numbers correct. Concentrations measured from figure 3 with ruler. Fiber total summed in individual site sheets (supp materials, countif(category column, ""fiber""))",
0,Hung 2020,https://doi.org/10.1002/ieam.4325,ocean,grab-net,figure 3,8,grab,0.02,0.98,3.05,2,"volumes from supp materials (checked coords in manta and grab sample list tabs against figure 1 map to ensure stations numbers correct. Concentrations measured from figure 3 with ruler. Fiber total summed in individual site sheets (supp materials, countif(category column, ""fiber""))",
0,Hung 2020,https://doi.org/10.1002/ieam.4325,ocean,grab-net,figure 3,9,grab,0.02,1,3,2,"volumes from supp materials (checked coords in manta and grab sample list tabs against figure 1 map to ensure stations numbers correct. Concentrations measured from figure 3 with ruler. Fiber total summed in individual site sheets (supp materials, countif(category column, ""fiber""))",
0,Hung 2020,https://doi.org/10.1002/ieam.4325,ocean,grab-net,figure 3,1,net,0.335,201279,0.00035,56,"volumes from supp materials (checked coords in manta and grab sample list tabs against figure 1 map to ensure stations numbers correct. Concentrations measured from figure 3 with ruler. Fiber total summed in individual site sheets (supp materials, countif(category column, ""fiber""))",
0,Hung 2020,https://doi.org/10.1002/ieam.4325,ocean,grab-net,figure 3,2,net,0.335,65551,0.0005,56,"volumes from supp materials (checked coords in manta and grab sample list tabs against figure 1 map to ensure stations numbers correct. Concentrations measured from figure 3 with ruler. Fiber total summed in individual site sheets (supp materials, countif(category column, ""fiber""))",
0,Hung 2020,https://doi.org/10.1002/ieam.4325,ocean,grab-net,figure 3,3,net,0.335,208264,0.00235,56,"volumes from supp materials (checked coords in manta and grab sample list tabs against figure 1 map to ensure stations numbers correct. Concentrations measured from figure 3 with ruler. Fiber total summed in individual site sheets (supp materials, countif(category column, ""fiber""))",
0,Hung 2020,https://doi.org/10.1002/ieam.4325,ocean,grab-net,figure 3,4,net,0.335,176187,0.00015,56,"volumes from supp materials (checked coords in manta and grab sample list tabs against figure 1 map to ensure stations numbers correct. Concentrations measured from figure 3 with ruler. Fiber total summed in individual site sheets (supp materials, countif(category column, ""fiber""))",
0,Hung 2020,https://doi.org/10.1002/ieam.4325,ocean,grab-net,figure 3,5,net,0.335,196722,0.0001,56,"volumes from supp materials (checked coords in manta and grab sample list tabs against figure 1 map to ensure stations numbers correct. Concentrations measured from figure 3 with ruler. Fiber total summed in individual site sheets (supp materials, countif(category column, ""fiber""))",
0,Hung 2020,https://doi.org/10.1002/ieam.4325,ocean,grab-net,figure 3,6,net,0.335,228502,0.0014,56,"volumes from supp materials (checked coords in manta and grab sample list tabs against figure 1 map to ensure stations numbers correct. Concentrations measured from figure 3 with ruler. Fiber total summed in individual site sheets (supp materials, countif(category column, ""fiber""))",
0,Hung 2020,https://doi.org/10.1002/ieam.4325,ocean,grab-net,figure 3,7,net,0.335,223319,0.0005,56,"volumes from supp materials (checked coords in manta and grab sample list tabs against figure 1 map to ensure stations numbers correct. Concentrations measured from figure 3 with ruler. Fiber total summed in individual site sheets (supp materials, countif(category column, ""fiber""))",
0,Hung 2020,https://doi.org/10.1002/ieam.4325,ocean,grab-net,figure 3,8,net,0.335,604722,0.0044,56,"volumes from supp materials (checked coords in manta and grab sample list tabs against figure 1 map to ensure stations numbers correct. Concentrations measured from figure 3 with ruler. Fiber total summed in individual site sheets (supp materials, countif(category column, ""fiber""))",
0,Hung 2020,https://doi.org/10.1002/ieam.4325,ocean,grab-net,figure 3,9,net,0.335,248079,0.00905,56,"volumes from supp materials (checked coords in manta and grab sample list tabs against figure 1 map to ensure stations numbers correct. Concentrations measured from figure 3 with ruler. Fiber total summed in individual site sheets (supp materials, countif(category column, ""fiber""))",
0,Uurasjärvi 2019,https://doi.org/10.1002/wer.1229,lake,net-pump,figure 2 & 3,2,pump,0.3,468,0.08,,"volume is average, not site specific. Used only largest pump filter values",0.08
0,Uurasjärvi 2019,https://doi.org/10.1002/wer.1229,lake,net-pump,figure 2 & 3,7,pump,0.3,468,0.07,,"volume is average, not site specific. Used only largest pump filter values",0.07
0,Uurasjärvi 2019,https://doi.org/10.1002/wer.1229,lake,net-pump,figure 2 & 3,2,net,0.333,58000,0.000037,,"for pump_conc_l_netmeshsize, I included only pump concentrations for particle sizes in same range as net",0.000037
0,Uurasjärvi 2019,https://doi.org/10.1002/wer.1229,lake,net-pump,figure 2 & 3,7,net,0.333,58000,0.00066,,"volume is average, not site specific. Used only largest pump filter values",0.00066
0,Tamminga 2019,https://doi.org/10.1016/j.envpol.2019.112970,lake,net-pump,S3 & S6 & S7,MT_001.VP100,pump,0.063,3000,0.05134,1,"for pump_conc_l_netmeshsize, I included only pump concentrations for particle sizes in same range as net",0.13004
0,Tamminga 2019,https://doi.org/10.1016/j.envpol.2019.112970,lake,net-pump,S3 & S6 & S7,MT_002.VP101,pump,0.063,3000,0.04291,1,no comment,0.07915
0,Tamminga 2019,https://doi.org/10.1016/j.envpol.2019.112970,lake,net-pump,S3 & S6 & S7,MT_003.VP102,pump,0.063,3000,0.03901,1,no comment,0.08544
0,Tamminga 2019,https://doi.org/10.1016/j.envpol.2019.112970,lake,net-pump,S3 & S6 & S7,MT_005.VP104,pump,0.063,3000,0.0481,1,no comment,0.10336
0,Tamminga 2019,https://doi.org/10.1016/j.envpol.2019.112970,lake,net-pump,S3 & S6 & S7,MT_006.VP105,pump,0.063,3000,0.04421,1,no comment,0.08369
0,Tamminga 2019,https://doi.org/10.1016/j.envpol.2019.112970,lake,net-pump,S3 & S6 & S7,MT_007.VP106,pump,0.063,3000,0.039,1,no comment,0.09492
0,Tamminga 2019,https://doi.org/10.1016/j.envpol.2019.112970,lake,net-pump,S3 & S6 & S7,MT_008.VP107,pump,0.063,3000,0.0533,1,no comment,0.13396
0,Tamminga 2019,https://doi.org/10.1016/j.envpol.2019.112970,lake,net-pump,S3 & S6 & S7,MT_001.VP100,net,0.3,174900,0.00007,1.9,averaged trawls at each site,0.00007
0,Tamminga 2019,https://doi.org/10.1016/j.envpol.2019.112970,lake,net-pump,S3 & S6 & S7,MT_002.VP101,net,0.3,159800,0.00009,1.9,no comment,0.00009
0,Tamminga 2019,https://doi.org/10.1016/j.envpol.2019.112970,lake,net-pump,S3 & S6 & S7,MT_003.VP102,net,0.3,186600,0.00011,1.9,no comment,0.00011
0,Tamminga 2019,https://doi.org/10.1016/j.envpol.2019.112970,lake,net-pump,S3 & S6 & S7,MT_005.VP104,net,0.3,128700,0.00023,1.9,no comment,0.00023
0,Tamminga 2019,https://doi.org/10.1016/j.envpol.2019.112970,lake,net-pump,S3 & S6 & S7,MT_006.VP105,net,0.3,130300,0.00025,1.9,no comment,0.00025
0,Tamminga 2019,https://doi.org/10.1016/j.envpol.2019.112970,lake,net-pump,S3 & S6 & S7,MT_007.VP106,net,0.3,141200,0.00015,1.9,no comment,0.00015
0,Tamminga 2019,https://doi.org/10.1016/j.envpol.2019.112970,lake,net-pump,S3 & S6 & S7,MT_008.VP107,net,0.3,142300,0.00049,1.9,no comment,0.00049
0,Schönlau 2020,https://doi.org/10.1016/j.marpolbul.2020.111019,ocean,net-pump,"S1, S2",1,pump,0.3,3088,0.00259,3,averaged trawls at each site,0.00259
0,Schönlau 2020,https://doi.org/10.1016/j.marpolbul.2020.111019,ocean,net-pump,"S1, S2",2,pump,0.3,1046,0.0105,3,also available: volume/concentrations at .05mm pump mesh,0.0105
0,Schönlau 2020,https://doi.org/10.1016/j.marpolbul.2020.111019,ocean,net-pump,"S1, S2",3,pump,0.3,1365,0.00147,3,no comment,0.00147
0,Schönlau 2020,https://doi.org/10.1016/j.marpolbul.2020.111019,ocean,net-pump,"S1, S2",4,pump,0.3,28007,0.00007,3,no comment,0.00007
0,Schönlau 2020,https://doi.org/10.1016/j.marpolbul.2020.111019,ocean,net-pump,"S1, S2",6,pump,0.3,9307,0,3,no comment,0
0,Schönlau 2020,https://doi.org/10.1016/j.marpolbul.2020.111019,ocean,net-pump,"S1, S2",7,pump,0.3,10214,0.0001,3,no comment,0.0001
0,Schönlau 2020,https://doi.org/10.1016/j.marpolbul.2020.111019,ocean,net-pump,"S1, S2",8,pump,0.3,10259,0.00049,3,no comment,0.00049
0,Schönlau 2020,https://doi.org/10.1016/j.marpolbul.2020.111019,ocean,net-pump,"S1, S2",9,pump,0.3,20022,0.00005,3,no comment,0.00005
0,Schönlau 2020,https://doi.org/10.1016/j.marpolbul.2020.111019,ocean,net-pump,"S1, S2",10,pump,0.3,20000,0.0001,3,no comment,0.0001
0,Schönlau 2020,https://doi.org/10.1016/j.marpolbul.2020.111019,ocean,net-pump,"S1, S2",11,pump,0.3,20000,0.00005,3,no comment,0.00005
0,Schönlau 2020,https://doi.org/10.1016/j.marpolbul.2020.111019,ocean,net-pump,"S1, S2",12,pump,0.3,20000,0.00005,3,no comment,0.00005
0,Schönlau 2020,https://doi.org/10.1016/j.marpolbul.2020.111019,ocean,net-pump,"S1, S2",1,net,0.3,186172,0.000035,3,no comment,0.000035
0,Schönlau 2020,https://doi.org/10.1016/j.marpolbul.2020.111019,ocean,net-pump,"S1, S2",2,net,0.3,196908,0.000015,3,also available: volume/concentrations at .05mm pump mesh,0.000015
0,Schönlau 2020,https://doi.org/10.1016/j.marpolbul.2020.111019,ocean,net-pump,"S1, S2",3,net,0.3,230092,0.000035,3,no comment,0.000035
0,Schönlau 2020,https://doi.org/10.1016/j.marpolbul.2020.111019,ocean,net-pump,"S1, S2",4,net,0.3,152500,0.00016,3,no comment,0.00016
0,Schönlau 2020,https://doi.org/10.1016/j.marpolbul.2020.111019,ocean,net-pump,"S1, S2",6,net,0.3,103314.5,0.00008,3,no comment,0.00008
0,Schönlau 2020,https://doi.org/10.1016/j.marpolbul.2020.111019,ocean,net-pump,"S1, S2",7,net,0.3,193914,0.00003,3,no comment,0.00003
0,Schönlau 2020,https://doi.org/10.1016/j.marpolbul.2020.111019,ocean,net-pump,"S1, S2",8,net,0.3,164180,0.00005,3,no comment,0.00005
0,Schönlau 2020,https://doi.org/10.1016/j.marpolbul.2020.111019,ocean,net-pump,"S1, S2",9,net,0.3,185569.5,0.000045,3,no comment,0.000045
0,Schönlau 2020,https://doi.org/10.1016/j.marpolbul.2020.111019,ocean,net-pump,"S1, S2",10,net,0.3,162299,0.000005,3,no comment,0.000005
0,Schönlau 2020,https://doi.org/10.1016/j.marpolbul.2020.111019,ocean,net-pump,"S1, S2",11,net,0.3,269522.5,0,3,no comment,0
0,Schönlau 2020,https://doi.org/10.1016/j.marpolbul.2020.111019,ocean,net-pump,"S1, S2",12,net,0.3,121248.5,0.000025,3,no comment,0.000025
0,Covernton 2019,https://doi.org/10.1016/j.scitotenv.2019.02.346 ,ocean,grab-grab,3.1,average,grab,0.063,10,0.12,,visual-id-corrected concentrations,
0,Covernton 2019,https://doi.org/10.1016/j.scitotenv.2019.02.346 ,ocean,grab-grab,3.1,average,grab,0.008,1,0.69,,visual-id-corrected concentrations,
0,Zhang 2020,https://doi.org/10.1016/j.scitotenv.2019.135176,river,net-pump,fig 3,S3,net,0.075,20400,0.0005,0,no comment,
0,Zhang 2020,https://doi.org/10.1016/j.scitotenv.2019.135176,river,net-pump,fig 3,S4,net,0.075,7800,0.00075,0,no comment,
0,Zhang 2020,https://doi.org/10.1016/j.scitotenv.2019.135176,river,net-pump,fig 3,S5,net,0.075,54100,0.0001,0,no comment,
0,Zhang 2020,https://doi.org/10.1016/j.scitotenv.2019.135176,river,net-pump,fig 3,S6,net,0.075,86700,0.00025,0,no comment,
0,Zhang 2020,https://doi.org/10.1016/j.scitotenv.2019.135176,river,net-pump,fig 3,S7,net,0.075,116500,0.0005,0,no comment,
0,Zhang 2020,https://doi.org/10.1016/j.scitotenv.2019.135176,river,net-pump,fig 3,S8,net,0.075,75100,0.00325,0,no comment,
0,Zhang 2020,https://doi.org/10.1016/j.scitotenv.2019.135176,river,net-pump,fig 3,S9,net,0.075,111700,0.0055,0,no comment,
0,Zhang 2020,https://doi.org/10.1016/j.scitotenv.2019.135176,river,net-pump,fig 3,S10,net,0.075,107500,0.0045,0,no comment,
0,Zhang 2020,https://doi.org/10.1016/j.scitotenv.2019.135176,river,net-pump,fig 3,S11,net,0.075,120500,0.0015,0,no comment,
0,Zhang 2020,https://doi.org/10.1016/j.scitotenv.2019.135176,river,net-pump,fig 3,S12,net,0.075,160300,0.00325,0,no comment,
x,Zhang 2020,https://doi.org/10.1016/j.scitotenv.2019.135176,river,net-pump,fig 3,S3,net,0.3,20400,0.00025,0,no comment,
x,Zhang 2020,https://doi.org/10.1016/j.scitotenv.2019.135176,river,net-pump,fig 3,S4,net,0.3,7900,0.00075,0,no comment,
x,Zhang 2020,https://doi.org/10.1016/j.scitotenv.2019.135176,river,net-pump,fig 3,S5,net,0.3,54200,0.0001,0,no comment,
x,Zhang 2020,https://doi.org/10.1016/j.scitotenv.2019.135176,river,net-pump,fig 3,S6,net,0.3,86700,0.00025,0,no comment,
x,Zhang 2020,https://doi.org/10.1016/j.scitotenv.2019.135176,river,net-pump,fig 3,S7,net,0.3,116500,0.0005,0,no comment,
x,Zhang 2020,https://doi.org/10.1016/j.scitotenv.2019.135176,river,net-pump,fig 3,S8,net,0.3,75000,0.001,0,no comment,
x,Zhang 2020,https://doi.org/10.1016/j.scitotenv.2019.135176,river,net-pump,fig 3,S9,net,0.3,111700,0.0045,0,no comment,
x,Zhang 2020,https://doi.org/10.1016/j.scitotenv.2019.135176,river,net-pump,fig 3,S10,net,0.3,107700,0.004,0,no comment,
x,Zhang 2020,https://doi.org/10.1016/j.scitotenv.2019.135176,river,net-pump,fig 3,S11,net,0.3,120500,0.00225,0,no comment,
x,Zhang 2020,https://doi.org/10.1016/j.scitotenv.2019.135176,river,net-pump,fig 3,S12,net,0.3,160500,0.0025,0,no comment,
0,Zhang 2020,https://doi.org/10.1016/j.scitotenv.2019.135176,river,net-pump,fig 3,S3,pump,0.025,30,0.01667,0,no comment,
0,Zhang 2020,https://doi.org/10.1016/j.scitotenv.2019.135176,river,net-pump,fig 3,S4,pump,0.025,30,0.16,0,no comment,
0,Zhang 2020,https://doi.org/10.1016/j.scitotenv.2019.135176,river,net-pump,fig 3,S5,pump,0.025,30,0.15,0,no comment,
0,Zhang 2020,https://doi.org/10.1016/j.scitotenv.2019.135176,river,net-pump,fig 3,S6,pump,0.025,30,0.2,0,no comment,
0,Zhang 2020,https://doi.org/10.1016/j.scitotenv.2019.135176,river,net-pump,fig 3,S7,pump,0.025,30,0.09,0,no comment,
0,Zhang 2020,https://doi.org/10.1016/j.scitotenv.2019.135176,river,net-pump,fig 3,S8,pump,0.025,30,0.01,0,no comment,
0,Zhang 2020,https://doi.org/10.1016/j.scitotenv.2019.135176,river,net-pump,fig 3,S9,pump,0.025,30,0.01,0,no comment,
0,Zhang 2020,https://doi.org/10.1016/j.scitotenv.2019.135176,river,net-pump,fig 3,S10,pump,0.025,30,0.075,0,no comment,
0,Zhang 2020,https://doi.org/10.1016/j.scitotenv.2019.135176,river,net-pump,fig 3,S11,pump,0.025,30,0.11,0,no comment,
0,Zhang 2020,https://doi.org/10.1016/j.scitotenv.2019.135176,river,net-pump,fig 3,S12,pump,0.025,30,0.05,0,no comment,
